observer_id,marker_0,marker_1,marker_2,marker_3,marker_4,marker_5,marker_6,marker_7,marker_8,marker_9,marker_10,marker_11,marker_12,marker_13,marker_14
cam_edge_0,0,0,0,1,1,0,0,1,0,0,0,0,0,0,0
cam_edge_1,0,1,1,0,0,1,1,1,1,0,0,0,0,0,1
cam_edge_3,0,1,1,1,0,1,1,1,1,0,0,0,0,0,1
cam_edge_5,1,0,0,0,0,0,0,0,0,1,1,1,1,1,0
moving_frame_000000,0,0,0,0,0,1,1,1,0,0,0,0,0,0,0
moving_frame_000001,0,0,0,0,0,1,1,1,0,0,0,0,0,0,0
moving_frame_000002,0,0,0,0,0,1,0,1,0,0,0,0,0,0,0
moving_frame_000003,0,0,0,0,0,1,1,1,0,0,0,0,0,0,0
moving_frame_000004,0,0,0,0,0,1,1,1,0,0,0,0,0,0,0
moving_frame_000005,0,1,1,0,0,1,1,1,0,0,0,0,0,0,0
moving_frame_000006,0,0,1,0,0,1,1,1,0,0,0,0,0,0,0
moving_frame_000007,0,1,1,0,0,1,1,1,0,0,0,0,0,0,0
moving_frame_000008,0,1,1,0,0,1,1,1,0,0,0,0,0,0,0
moving_frame_000009,0,1,1,0,0,1,1,1,0,0,0,0,0,0,0
moving_frame_000010,0,1,1,0,0,1,1,1,0,0,0,0,0,0,0
moving_frame_000011,0,1,1,0,0,1,1,1,0,0,0,0,0,0,0
moving_frame_000012,0,1,1,0,0,1,1,0,0,0,0,0,0,0,0
moving_frame_000013,0,1,1,0,0,1,0,0,0,0,0,0,0,0,0
moving_frame_000014,0,1,1,0,0,1,0,0,0,0,0,0,0,0,0
moving_frame_000015,0,1,1,0,0,1,0,0,0,0,0,0,0,0,0
moving_frame_000016,0,1,1,0,0,0,0,0,0,0,0,0,0,0,0
moving_frame_000017,0,1,1,0,0,0,0,0,0,0,0,0,0,0,0
moving_frame_000018,0,1,0,0,0,0,0,0,0,0,0,0,0,0,0
moving_frame_000019,0,1,0,0,0,0,0,0,0,0,0,0,0,0,0
moving_frame_000020,0,1,0,0,0,0,0,0,0,0,0,0,0,0,0
moving_frame_000021,0,1,0,0,0,0,0,0,0,0,0,0,0,0,0
moving_frame_000022,0,1,0,0,0,0,0,0,0,0,0,0,0,0,0
moving_frame_000023,0,1,0,0,0,0,0,0,0,0,0,0,0,0,0
moving_frame_000024,0,1,0,0,0,0,0,0,0,0,0,0,0,0,0
moving_frame_000032,0,1,0,0,0,0,0,0,0,0,0,0,0,0,0
moving_frame_000033,0,1,0,0,0,0,0,0,0,0,0,0,0,0,0
moving_frame_000034,0,1,0,0,0,0,0,0,0,0,0,0,0,0,0
moving_frame_000035,0,1,0,0,0,0,0,0,0,0,0,0,0,0,0
moving_frame_000036,0,1,0,0,0,0,0,0,0,0,0,0,0,0,0
moving_frame_000038,1,0,0,0,0,0,0,0,0,0,0,0,0,0,0
moving_frame_000039,1,0,0,0,0,0,0,0,0,0,0,0,0,0,0
moving_frame_000040,1,0,0,0,0,0,0,0,0,0,0,0,0,0,0
moving_frame_000041,1,0,0,0,0,0,0,0,0,0,0,0,0,0,0
moving_frame_000042,1,0,0,0,0,0,0,0,0,0,0,0,0,0,0
moving_frame_000043,1,0,0,0,0,0,0,0,0,0,0,0,0,0,0
moving_frame_000044,1,0,0,0,0,0,0,0,0,0,0,0,0,0,0
moving_frame_000045,1,0,0,0,0,0,0,0,0,0,0,0,0,0,0
moving_frame_000046,1,0,0,0,0,0,0,0,0,0,0,0,0,0,0
moving_frame_000047,1,0,0,0,0,0,0,0,0,0,0,0,0,0,0
moving_frame_000048,1,0,0,0,0,0,0,0,0,0,0,0,0,0,0
moving_frame_000055,0,0,0,1,0,0,0,0,0,0,0,0,0,0,0
moving_frame_000056,0,0,0,1,0,0,0,0,0,0,0,0,0,0,0
moving_frame_000057,0,0,0,1,0,0,0,0,0,0,0,0,0,0,0
moving_frame_000058,0,0,0,1,0,0,0,0,0,0,0,0,0,0,0
moving_frame_000059,0,0,0,1,0,0,0,0,0,0,0,0,0,0,0
moving_frame_000060,0,0,0,1,0,0,0,0,0,0,0,0,0,0,0
moving_frame_000061,0,0,0,1,0,0,0,0,0,0,0,0,0,0,0
moving_frame_000062,0,0,0,1,0,0,0,0,0,0,0,0,0,0,0
moving_frame_000063,0,0,0,1,0,0,0,0,0,0,0,0,0,0,0
moving_frame_000065,0,0,0,0,1,0,0,0,0,0,0,0,0,0,0
moving_frame_000066,0,0,0,0,1,0,0,0,0,0,0,0,0,0,0
moving_frame_000067,0,0,0,0,1,0,0,0,0,0,0,0,0,0,0
moving_frame_000068,0,0,0,0,1,0,0,0,0,0,0,0,0,0,0
moving_frame_000069,0,0,0,0,1,0,0,0,0,0,0,0,0,0,0
moving_frame_000070,0,0,0,0,1,0,0,1,0,0,0,0,0,0,0
moving_frame_000071,0,0,0,0,1,0,0,1,0,0,0,0,0,0,0
moving_frame_000072,0,0,0,0,1,0,1,1,0,0,0,0,0,0,0
moving_frame_000073,0,0,0,0,0,0,1,1,0,0,0,0,0,0,0
moving_frame_000074,0,0,0,0,0,0,1,1,0,0,0,0,0,0,0
moving_frame_000075,0,0,0,0,0,0,1,1,0,0,0,0,0,0,0
moving_frame_000076,0,0,0,0,0,0,1,1,0,0,0,0,0,0,0
moving_frame_000077,0,0,0,0,0,0,1,1,1,0,0,0,0,0,0
moving_frame_000078,0,0,0,0,0,0,1,1,1,0,0,0,0,0,0
moving_frame_000079,0,0,0,0,0,0,1,1,1,0,0,0,0,0,0
moving_frame_000080,0,0,0,0,0,1,1,1,0,0,0,0,0,0,0
moving_frame_000081,0,0,0,0,0,1,1,0,1,0,0,0,0,0,0
moving_frame_000082,0,0,0,0,0,1,1,0,1,0,0,0,0,0,0
moving_frame_000083,0,0,0,0,0,1,0,0,1,0,0,1,0,0,0
moving_frame_000084,0,0,0,0,0,1,0,0,1,0,0,0,0,0,0
moving_frame_000085,0,0,0,0,0,1,0,0,1,0,0,0,0,0,0
moving_frame_000086,0,0,0,0,0,1,0,0,1,0,0,0,0,0,0
moving_frame_000087,0,0,0,0,0,0,0,0,1,0,0,0,0,0,0
moving_frame_000088,0,0,0,0,0,0,0,0,1,0,0,0,0,0,0
moving_frame_000089,0,0,0,0,0,0,0,0,1,0,0,0,0,0,0
moving_frame_000090,0,0,0,0,0,0,0,0,1,0,0,0,0,0,0
moving_frame_000091,0,0,0,0,0,0,0,0,1,0,0,1,0,0,0
moving_frame_000092,0,0,0,0,0,0,0,0,1,0,0,0,1,0,0
moving_frame_000093,0,0,0,0,0,0,0,0,0,0,0,1,1,0,0
moving_frame_000094,0,0,0,0,0,0,0,0,0,0,0,1,1,0,0
moving_frame_000095,0,0,0,0,0,0,0,0,0,0,0,1,1,0,0
moving_frame_000096,0,0,0,0,0,0,0,0,0,0,0,1,1,0,0
moving_frame_000097,0,0,0,0,0,0,0,0,0,0,0,1,1,0,0
moving_frame_000098,0,0,0,0,0,0,0,0,0,0,0,0,1,0,0
moving_frame_000099,0,0,0,0,0,0,0,0,0,0,0,0,1,0,0
moving_frame_000100,0,0,0,0,0,0,0,0,0,0,0,0,1,0,0
moving_frame_000101,0,0,0,0,0,0,0,0,0,0,0,0,1,0,0
moving_frame_000102,0,0,0,0,0,0,0,0,0,0,0,0,1,0,0
moving_frame_000103,0,0,0,0,0,0,0,0,0,0,0,0,1,0,0
moving_frame_000104,0,0,0,0,0,0,0,0,0,0,1,0,1,0,0
moving_frame_000105,0,0,0,0,0,0,0,0,0,0,1,0,1,0,0
moving_frame_000106,0,0,0,0,0,0,0,0,0,0,1,0,1,0,0
moving_frame_000107,0,0,0,0,0,0,0,0,0,0,1,0,1,0,0
moving_frame_000108,0,0,0,0,0,0,0,0,0,0,1,0,1,0,0
moving_frame_000109,0,0,0,0,0,0,0,0,0,0,1,0,1,0,0
moving_frame_000110,0,0,0,0,0,0,0,0,0,0,1,0,1,0,0
moving_frame_000111,0,0,0,0,0,0,0,0,0,0,1,0,1,0,0
moving_frame_000112,0,0,0,0,0,0,0,0,0,0,1,0,1,0,0
moving_frame_000113,0,0,0,0,0,0,0,0,0,0,1,0,1,0,0
moving_frame_000114,0,0,0,0,0,0,0,0,0,0,1,0,1,0,0
moving_frame_000115,0,0,0,0,0,0,0,0,0,0,1,0,1,0,0
moving_frame_000116,0,0,0,0,0,0,0,0,0,0,1,0,1,0,0
moving_frame_000117,0,0,0,0,0,0,0,0,0,0,1,0,1,0,0
moving_frame_000118,0,0,0,0,0,0,0,0,0,0,1,0,1,0,0
moving_frame_000119,1,0,0,0,0,0,0,0,0,0,1,0,0,0,0
moving_frame_000120,1,0,0,0,0,0,0,0,0,0,1,0,0,0,0
moving_frame_000121,1,0,0,0,0,0,0,0,0,1,1,0,0,0,0
moving_frame_000122,0,0,0,0,0,0,0,0,0,1,1,0,0,0,0
moving_frame_000124,0,0,0,0,0,0,0,0,0,1,0,0,0,0,0
moving_frame_000125,0,0,0,0,0,0,0,0,0,1,0,0,0,0,0
moving_frame_000126,0,0,0,0,0,0,0,0,0,1,0,0,0,0,0
moving_frame_000127,0,0,0,0,0,0,0,0,0,1,0,0,0,0,0
moving_frame_000128,0,0,0,0,0,0,0,0,0,1,0,0,0,1,0
moving_frame_000129,0,0,0,0,0,0,0,0,0,1,0,1,0,1,0
moving_frame_000130,0,0,0,0,0,0,0,0,0,1,0,1,0,1,0
moving_frame_000131,0,0,0,0,0,0,0,0,0,1,0,1,0,1,0
moving_frame_000132,0,0,0,0,0,0,0,0,0,0,0,1,0,1,0
moving_frame_000133,0,0,0,0,0,0,0,0,0,1,0,1,0,1,0
moving_frame_000134,0,0,0,0,0,0,0,0,0,1,0,1,0,1,0
moving_frame_000135,0,0,0,0,0,0,0,0,0,1,0,1,0,1,0
moving_frame_000136,0,0,0,0,0,0,0,0,0,1,0,1,0,0,0
moving_frame_000137,0,0,0,0,0,0,0,0,0,1,0,1,0,0,0
moving_frame_000138,0,0,0,0,0,0,0,0,0,0,0,1,0,0,0
moving_frame_000139,0,0,0,0,0,0,0,0,0,1,1,0,0,0,0
moving_frame_000140,0,0,0,0,0,0,0,0,0,1,0,0,0,0,0
moving_frame_000141,0,0,0,0,0,0,0,0,0,1,0,0,0,0,0
moving_frame_000142,0,0,0,0,0,0,0,0,0,1,0,0,0,0,0
moving_frame_000143,0,0,0,0,0,0,0,0,0,1,0,0,0,0,0
moving_frame_000144,0,0,0,0,0,0,0,0,0,1,0,0,0,0,0
moving_frame_000151,0,0,0,1,0,0,0,0,0,0,0,0,0,0,0
moving_frame_000152,0,0,0,1,0,0,0,0,0,0,0,0,0,0,0
moving_frame_000153,0,0,0,1,0,0,0,0,0,0,0,0,0,0,0
moving_frame_000154,0,0,0,1,0,0,0,0,0,0,0,0,0,0,0
moving_frame_000155,0,0,0,1,0,0,0,0,0,0,0,0,0,0,0
moving_frame_000156,0,0,0,1,0,0,0,0,0,0,0,0,0,0,0
moving_frame_000157,0,0,0,1,0,0,0,0,0,0,0,0,0,0,0
moving_frame_000158,0,0,0,1,0,0,0,0,0,0,0,0,0,0,0
moving_frame_000159,0,0,0,1,0,0,0,0,0,0,0,0,0,0,0
moving_frame_000160,0,0,0,1,0,0,0,0,0,0,0,0,0,0,0
moving_frame_000161,1,0,0,1,0,0,0,0,0,0,0,0,0,0,0
moving_frame_000162,1,0,0,1,0,0,0,0,0,0,0,0,0,0,0
moving_frame_000163,1,0,0,0,0,0,0,0,0,0,0,0,0,0,0
moving_frame_000165,1,0,0,0,0,0,0,0,0,0,0,0,0,0,0
moving_frame_000166,1,0,0,0,0,0,0,0,0,0,0,0,0,0,0
moving_frame_000167,1,0,0,0,0,0,0,0,0,0,0,0,0,0,0
moving_frame_000168,1,0,0,0,0,0,0,0,0,0,0,0,0,0,0
moving_frame_000169,1,0,0,0,0,0,0,0,0,0,0,0,0,0,0
moving_frame_000170,1,0,0,0,0,0,0,0,0,0,0,0,0,0,0
moving_frame_000171,1,0,0,0,0,0,0,0,0,0,0,0,0,0,0
moving_frame_000172,1,0,0,0,0,0,0,0,0,0,0,0,0,0,0
moving_frame_000173,1,0,0,0,0,0,0,0,0,0,0,0,0,0,0
moving_frame_000175,1,0,0,0,0,0,0,0,0,0,0,0,0,0,0
moving_frame_000176,0,1,0,0,0,0,0,0,0,0,0,0,0,0,0
moving_frame_000177,0,1,0,0,0,0,0,0,0,0,0,0,0,0,0
moving_frame_000178,1,0,0,0,0,0,0,0,0,0,0,0,0,0,0
moving_frame_000179,1,0,0,0,0,0,0,0,0,0,0,0,0,0,0
moving_frame_000180,1,1,0,0,0,0,0,0,0,0,0,0,0,0,0
moving_frame_000181,1,1,0,0,0,0,0,0,0,0,0,0,0,0,0
moving_frame_000182,1,1,0,0,0,0,0,0,0,0,0,0,0,0,0
moving_frame_000183,1,1,0,0,0,0,0,0,0,0,0,0,0,0,0
moving_frame_000184,1,0,0,0,0,0,0,0,0,0,0,0,0,0,0
