observer_type,observer_id,camera_name,frame_id,image_path,marker_id,marker_length_m,fx,fy,cx,cy,pnp_success,rvec_x,rvec_y,rvec_z,tvec_x_m,tvec_y_m,tvec_z_m,distance_m,center_u,center_v,area_px2,corner0_u,corner0_v,corner1_u,corner1_v,corner2_u,corner2_v,corner3_u,corner3_v
static,cam_edge_3,cam_edge_3,static,results/bus_real_data/ablation/moving_cam/density/density_stride_4_25pct/raw_images/static/cam_edge_3.png,14,0.17,919.9513244628906,919.9512577056885,640.0,360.0,True,1.699568330209649,-0.998053724209411,0.6788209265947366,0.3377800322218678,0.7441515269572644,4.103911047160326,4.184488347246913,715.75,527.0,735.0,690.0,531.0,707.0,514.0,741.0,523.0,725.0,540.0
static,cam_edge_3,cam_edge_3,static,results/bus_real_data/ablation/moving_cam/density/density_stride_4_25pct/raw_images/static/cam_edge_3.png,1,0.17,919.9513244628906,919.9512577056885,640.0,360.0,True,1.8702019527161549,0.47860058482771217,-0.378209167834892,0.051440257093912936,0.39992442765289016,1.3210058305371057,1.3811741570838951,676.0,640.75,8775.0,653.0,593.0,754.0,623.0,703.0,693.0,594.0,654.0
static,cam_edge_3,cam_edge_3,static,results/bus_real_data/ablation/moving_cam/density/density_stride_4_25pct/raw_images/static/cam_edge_3.png,19,0.17,919.9513244628906,919.9512577056885,640.0,360.0,True,-2.474262565743006,0.2725109578315172,-1.4080419153669599,-0.8623397554858152,0.011379628617570784,2.9462834028985165,3.069909646884428,370.25,363.5,2079.0,347.0,346.0,387.0,331.0,393.0,380.0,354.0,397.0
static,cam_edge_3,cam_edge_3,static,results/bus_real_data/ablation/moving_cam/density/density_stride_4_25pct/raw_images/static/cam_edge_3.png,2,0.17,919.9513244628906,919.9512577056885,640.0,360.0,True,2.947947032588244,0.23177757684344782,-0.8101164497491411,0.6487583702292494,0.5586869156216141,2.446568482836537,2.5920485786031056,884.5,570.25,4155.5,858.0,531.0,921.0,546.0,911.0,610.0,848.0,594.0
static,cam_edge_3,cam_edge_3,static,results/bus_real_data/ablation/moving_cam/density/density_stride_4_25pct/raw_images/static/cam_edge_3.png,6,0.17,919.9513244628906,919.9512577056885,640.0,360.0,True,-2.7479200652029356,-0.1015517080738101,-0.08784497133091548,1.320064507671424,-0.794503298856698,5.45791301862306,5.671209775273972,862.5,226.0,794.0,851.0,211.0,879.0,213.0,874.0,241.0,846.0,239.0
static,cam_edge_3,cam_edge_3,static,results/bus_real_data/ablation/moving_cam/density/density_stride_4_25pct/raw_images/static/cam_edge_3.png,5,0.17,919.9513244628906,919.9512577056885,640.0,360.0,True,2.9140561465109527,0.26364346898109836,-0.8240680830259292,2.572625964742539,-0.2977450892746469,4.699789896386084,5.366104878105474,1143.75,301.75,1238.0,1128.0,284.0,1165.0,287.0,1160.0,320.0,1122.0,316.0
static,cam_edge_3,cam_edge_3,static,results/bus_real_data/ablation/moving_cam/density/density_stride_4_25pct/raw_images/static/cam_edge_3.png,8,0.17,919.9513244628906,919.9512577056885,640.0,360.0,True,-2.7117747020778364,-0.05681113111888104,0.45488806209941973,2.5327121218350825,-0.8831363575079246,5.4102256160844755,6.0386340951393445,1070.75,209.75,904.5,1057.0,195.0,1089.0,196.0,1084.0,225.0,1053.0,223.0
static,cam_edge_3,cam_edge_3,static,results/bus_real_data/ablation/moving_cam/density/density_stride_4_25pct/raw_images/static/cam_edge_3.png,20,0.17,919.9513244628906,919.9512577056885,640.0,360.0,True,-2.771703740981554,-0.03418735096458531,0.3653314561518841,4.38114679056668,-2.1119734633641456,7.695902012107404,9.103943480185158,1163.75,107.5,472.5,1154.0,97.0,1177.0,97.0,1173.0,118.0,1151.0,118.0
static,cam_edge_1,cam_edge_1,static,results/bus_real_data/ablation/moving_cam/density/density_stride_4_25pct/raw_images/static/cam_edge_1.png,2,0.17,929.593505859375,929.5934772491455,640.0,360.0,True,2.9634190530109903,-0.2387585937026298,0.551044518474219,0.19225404008955044,0.4634070346223859,3.5625318666129187,3.5976855054744283,690.0,481.0,1824.0,666.0,463.0,706.0,455.0,714.0,499.0,674.0,507.0
static,cam_edge_1,cam_edge_1,static,results/bus_real_data/ablation/moving_cam/density/density_stride_4_25pct/raw_images/static/cam_edge_1.png,7,0.17,929.593505859375,929.5934772491455,640.0,360.0,True,2.8958796329165355,-0.24592159021982202,0.4921286460607593,-2.4449093730772917,-0.39150386592740766,5.595544344816242,6.118902976384111,233.75,295.0,834.0,217.0,283.0,247.0,280.0,251.0,307.0,220.0,310.0
static,cam_edge_0,cam_edge_0,static,results/bus_real_data/ablation/moving_cam/density/density_stride_4_25pct/raw_images/static/cam_edge_0.png,7,0.17,929.0351104736328,929.035062789917,640.0,360.0,True,-2.2341293522582513,-0.898144836827836,1.9897156918770285,1.3401480199295337,0.2162830748833016,2.508830938616864,2.852544085963125,1137.0,440.25,2813.0,1139.0,400.0,1173.0,430.0,1133.0,482.0,1103.0,449.0
static,cam_edge_0,cam_edge_0,static,results/bus_real_data/ablation/moving_cam/density/density_stride_4_25pct/raw_images/static/cam_edge_0.png,4,0.17,929.0351104736328,929.035062789917,640.0,360.0,True,-2.7527549511169025,-0.03102970345700281,-0.11247198137569107,0.06359457368820469,-0.4975296272494769,2.4543436183743177,2.5050713755995706,664.0,171.25,4132.5,633.0,138.0,698.0,140.0,694.0,204.0,631.0,203.0
static,cam_edge_0,cam_edge_0,static,results/bus_real_data/ablation/moving_cam/density/density_stride_4_25pct/raw_images/static/cam_edge_0.png,3,0.17,929.0351104736328,929.035062789917,640.0,360.0,True,-2.7345534293665477,-0.01744757498622474,-0.00924193864300548,-0.5709534581409701,0.6015479891163963,2.902957850337825,3.0191078343462854,457.25,552.25,2478.0,428.0,529.0,483.0,530.0,486.0,575.0,432.0,575.0
