image_name,x,y,z,roll,pitch,yaw,tag,board_name,board_x,board_y,board_z,board_roll,board_pitch,board_yaw,image_path,detected_ids,num_detected,all_0_to_5_detected
moving_0000.jpg,-4.350000,-0.050000,1.650000,0.000000,0.000000,0.250000,anchor_F3_front_near_left_seat,F3_front_near_left_seat,-3.25,0.71,1.5,0,0.35,0,results/beintelli_bus_model/colmap/moving_route_v4_aruco_anchor_backbone/images/moving_0000.jpg,"[0, 1, 2, 4, 5]",5,False
moving_0001.jpg,-4.308824,-0.027950,1.650000,0.000000,0.000000,0.282353,anchor_F3_front_near_left_seat,F3_front_near_left_seat,-3.25,0.71,1.5,0,0.35,0,results/beintelli_bus_model/colmap/moving_route_v4_aruco_anchor_backbone/images/moving_0001.jpg,[],0,False
moving_0002.jpg,-4.267647,-0.006651,1.650000,0.000000,0.000000,0.314706,anchor_F3_front_near_left_seat,F3_front_near_left_seat,-3.25,0.71,1.5,0,0.35,0,results/beintelli_bus_model/colmap/moving_route_v4_aruco_anchor_backbone/images/moving_0002.jpg,"[0, 1, 2, 3, 4, 5]",6,True
moving_0003.jpg,-4.226471,0.013172,1.650000,0.000000,0.000000,0.347059,anchor_F3_front_near_left_seat,F3_front_near_left_seat,-3.25,0.71,1.5,0,0.35,0,results/beintelli_bus_model/colmap/moving_route_v4_aruco_anchor_backbone/images/moving_0003.jpg,"[0, 1, 2, 3, 4, 5]",6,True
moving_0004.jpg,-4.185294,0.030843,1.650000,0.000000,0.000000,0.379412,anchor_F3_front_near_left_seat,F3_front_near_left_seat,-3.25,0.71,1.5,0,0.35,0,results/beintelli_bus_model/colmap/moving_route_v4_aruco_anchor_backbone/images/moving_0004.jpg,"[0, 1, 2, 3, 4, 5]",6,True
moving_0005.jpg,-4.144118,0.045762,1.650000,0.000000,0.000000,0.411765,anchor_F3_front_near_left_seat,F3_front_near_left_seat,-3.25,0.71,1.5,0,0.35,0,results/beintelli_bus_model/colmap/moving_route_v4_aruco_anchor_backbone/images/moving_0005.jpg,"[0, 1, 2, 3, 4, 5]",6,True
moving_0006.jpg,-4.102941,0.057420,1.650000,0.000000,0.000000,0.444118,anchor_F3_front_near_left_seat,F3_front_near_left_seat,-3.25,0.71,1.5,0,0.35,0,results/beintelli_bus_model/colmap/moving_route_v4_aruco_anchor_backbone/images/moving_0006.jpg,"[0, 1, 2, 3, 4, 5]",6,True
moving_0007.jpg,-4.061765,0.065419,1.650000,0.000000,0.000000,0.476471,anchor_F3_front_near_left_seat,F3_front_near_left_seat,-3.25,0.71,1.5,0,0.35,0,results/beintelli_bus_model/colmap/moving_route_v4_aruco_anchor_backbone/images/moving_0007.jpg,"[0, 1, 2, 3, 4, 5]",6,True
moving_0008.jpg,-4.020588,0.069488,1.650000,0.000000,0.000000,0.508824,anchor_F3_front_near_left_seat,F3_front_near_left_seat,-3.25,0.71,1.5,0,0.35,0,results/beintelli_bus_model/colmap/moving_route_v4_aruco_anchor_backbone/images/moving_0008.jpg,"[1, 2, 3, 4, 5]",5,False
moving_0009.jpg,-3.979412,0.069488,1.650000,0.000000,0.000000,0.541176,anchor_F3_front_near_left_seat,F3_front_near_left_seat,-3.25,0.71,1.5,0,0.35,0,results/beintelli_bus_model/colmap/moving_route_v4_aruco_anchor_backbone/images/moving_0009.jpg,"[0, 1, 2, 3, 4, 5]",6,True
moving_0010.jpg,-3.938235,0.065419,1.650000,0.000000,0.000000,0.573529,anchor_F3_front_near_left_seat,F3_front_near_left_seat,-3.25,0.71,1.5,0,0.35,0,results/beintelli_bus_model/colmap/moving_route_v4_aruco_anchor_backbone/images/moving_0010.jpg,"[0, 1, 2, 3, 4, 5]",6,True
moving_0011.jpg,-3.897059,0.057420,1.650000,0.000000,0.000000,0.605882,anchor_F3_front_near_left_seat,F3_front_near_left_seat,-3.25,0.71,1.5,0,0.35,0,results/beintelli_bus_model/colmap/moving_route_v4_aruco_anchor_backbone/images/moving_0011.jpg,"[0, 1, 2, 3, 4, 5]",6,True
moving_0012.jpg,-3.855882,0.045762,1.650000,0.000000,0.000000,0.638235,anchor_F3_front_near_left_seat,F3_front_near_left_seat,-3.25,0.71,1.5,0,0.35,0,results/beintelli_bus_model/colmap/moving_route_v4_aruco_anchor_backbone/images/moving_0012.jpg,"[0, 1, 2, 3, 4, 5]",6,True
moving_0013.jpg,-3.814706,0.030843,1.650000,0.000000,0.000000,0.670588,anchor_F3_front_near_left_seat,F3_front_near_left_seat,-3.25,0.71,1.5,0,0.35,0,results/beintelli_bus_model/colmap/moving_route_v4_aruco_anchor_backbone/images/moving_0013.jpg,"[0, 1, 2, 3, 4, 5]",6,True
moving_0014.jpg,-3.773529,0.013172,1.650000,0.000000,0.000000,0.702941,anchor_F3_front_near_left_seat,F3_front_near_left_seat,-3.25,0.71,1.5,0,0.35,0,results/beintelli_bus_model/colmap/moving_route_v4_aruco_anchor_backbone/images/moving_0014.jpg,"[0, 1, 2, 3, 4, 5]",6,True
moving_0015.jpg,-3.732353,-0.006651,1.650000,0.000000,0.000000,0.735294,anchor_F3_front_near_left_seat,F3_front_near_left_seat,-3.25,0.71,1.5,0,0.35,0,results/beintelli_bus_model/colmap/moving_route_v4_aruco_anchor_backbone/images/moving_0015.jpg,"[1, 2, 3, 4, 5]",5,False
moving_0016.jpg,-3.691176,-0.027950,1.650000,0.000000,0.000000,0.767647,anchor_F3_front_near_left_seat,F3_front_near_left_seat,-3.25,0.71,1.5,0,0.35,0,results/beintelli_bus_model/colmap/moving_route_v4_aruco_anchor_backbone/images/moving_0016.jpg,"[0, 1, 2, 3, 4, 5]",6,True
moving_0017.jpg,-3.650000,-0.050000,1.650000,0.000000,0.000000,0.800000,anchor_F3_front_near_left_seat,F3_front_near_left_seat,-3.25,0.71,1.5,0,0.35,0,results/beintelli_bus_model/colmap/moving_route_v4_aruco_anchor_backbone/images/moving_0017.jpg,"[1, 2, 3, 4, 5]",5,False
moving_0018.jpg,-3.650000,0.050000,1.650000,0.000000,0.000000,0.700000,transition_F3_to_backbone,PARK,0,0,-5,0,0,0,results/beintelli_bus_model/colmap/moving_route_v4_aruco_anchor_backbone/images/moving_0018.jpg,"[0, 1, 2, 3, 4, 5]",6,True
moving_0019.jpg,-3.581818,0.047975,1.650000,0.000000,0.000000,0.636364,transition_F3_to_backbone,PARK,0,0,-5,0,0,0,results/beintelli_bus_model/colmap/moving_route_v4_aruco_anchor_backbone/images/moving_0019.jpg,[],0,False
moving_0020.jpg,-3.513636,0.042063,1.650000,0.000000,0.000000,0.572727,transition_F3_to_backbone,PARK,0,0,-5,0,0,0,results/beintelli_bus_model/colmap/moving_route_v4_aruco_anchor_backbone/images/moving_0020.jpg,[],0,False
moving_0021.jpg,-3.445455,0.032743,1.650000,0.000000,0.000000,0.509091,transition_F3_to_backbone,PARK,0,0,-5,0,0,0,results/beintelli_bus_model/colmap/moving_route_v4_aruco_anchor_backbone/images/moving_0021.jpg,[],0,False
moving_0022.jpg,-3.377273,0.020771,1.650000,0.000000,0.000000,0.445455,transition_F3_to_backbone,PARK,0,0,-5,0,0,0,results/beintelli_bus_model/colmap/moving_route_v4_aruco_anchor_backbone/images/moving_0022.jpg,[],0,False
moving_0023.jpg,-3.309091,0.007116,1.650000,0.000000,0.000000,0.381818,transition_F3_to_backbone,PARK,0,0,-5,0,0,0,results/beintelli_bus_model/colmap/moving_route_v4_aruco_anchor_backbone/images/moving_0023.jpg,[],0,False
moving_0024.jpg,-3.240909,-0.007116,1.650000,0.000000,0.000000,0.318182,transition_F3_to_backbone,PARK,0,0,-5,0,0,0,results/beintelli_bus_model/colmap/moving_route_v4_aruco_anchor_backbone/images/moving_0024.jpg,[],0,False
moving_0025.jpg,-3.172727,-0.020771,1.650000,0.000000,0.000000,0.254545,transition_F3_to_backbone,PARK,0,0,-5,0,0,0,results/beintelli_bus_model/colmap/moving_route_v4_aruco_anchor_backbone/images/moving_0025.jpg,[],0,False
moving_0026.jpg,-3.104545,-0.032743,1.650000,0.000000,0.000000,0.190909,transition_F3_to_backbone,PARK,0,0,-5,0,0,0,results/beintelli_bus_model/colmap/moving_route_v4_aruco_anchor_backbone/images/moving_0026.jpg,[],0,False
moving_0027.jpg,-3.036364,-0.042063,1.650000,0.000000,0.000000,0.127273,transition_F3_to_backbone,PARK,0,0,-5,0,0,0,results/beintelli_bus_model/colmap/moving_route_v4_aruco_anchor_backbone/images/moving_0027.jpg,[],0,False
moving_0028.jpg,-2.968182,-0.047975,1.650000,0.000000,0.000000,0.063636,transition_F3_to_backbone,PARK,0,0,-5,0,0,0,results/beintelli_bus_model/colmap/moving_route_v4_aruco_anchor_backbone/images/moving_0028.jpg,[],0,False
moving_0029.jpg,-2.900000,-0.050000,1.650000,0.000000,0.000000,0.000000,transition_F3_to_backbone,PARK,0,0,-5,0,0,0,results/beintelli_bus_model/colmap/moving_route_v4_aruco_anchor_backbone/images/moving_0029.jpg,[],0,False
moving_0030.jpg,-3.250000,-0.100000,1.850000,0.000000,0.300000,-0.250000,anchor_F4_front_right_table_or_box,F4_front_right_table_or_box,-2.46,-0.75,1.62,1.57079633,1.57079633,0,results/beintelli_bus_model/colmap/moving_route_v4_aruco_anchor_backbone/images/moving_0030.jpg,[],0,False
moving_0031.jpg,-3.215789,-0.110526,1.850000,0.000000,0.357608,-0.263158,anchor_F4_front_right_table_or_box,F4_front_right_table_or_box,-2.46,-0.75,1.62,1.57079633,1.57079633,0,results/beintelli_bus_model/colmap/moving_route_v4_aruco_anchor_backbone/images/moving_0031.jpg,[],0,False
moving_0032.jpg,-3.181579,-0.121053,1.850000,0.000000,0.413645,-0.276316,anchor_F4_front_right_table_or_box,F4_front_right_table_or_box,-2.46,-0.75,1.62,1.57079633,1.57079633,0,results/beintelli_bus_model/colmap/moving_route_v4_aruco_anchor_backbone/images/moving_0032.jpg,"[2, 4, 5]",3,False
moving_0033.jpg,-3.147368,-0.131579,1.850000,0.000000,0.466582,-0.289474,anchor_F4_front_right_table_or_box,F4_front_right_table_or_box,-2.46,-0.75,1.62,1.57079633,1.57079633,0,results/beintelli_bus_model/colmap/moving_route_v4_aruco_anchor_backbone/images/moving_0033.jpg,[2],1,False
moving_0034.jpg,-3.113158,-0.142105,1.850000,0.000000,0.514974,-0.302632,anchor_F4_front_right_table_or_box,F4_front_right_table_or_box,-2.46,-0.75,1.62,1.57079633,1.57079633,0,results/beintelli_bus_model/colmap/moving_route_v4_aruco_anchor_backbone/images/moving_0034.jpg,"[1, 5]",2,False
moving_0035.jpg,-3.078947,-0.152632,1.850000,0.000000,0.557503,-0.315789,anchor_F4_front_right_table_or_box,F4_front_right_table_or_box,-2.46,-0.75,1.62,1.57079633,1.57079633,0,results/beintelli_bus_model/colmap/moving_route_v4_aruco_anchor_backbone/images/moving_0035.jpg,"[1, 4, 5]",3,False
moving_0036.jpg,-3.044737,-0.163158,1.850000,0.000000,0.593008,-0.328947,anchor_F4_front_right_table_or_box,F4_front_right_table_or_box,-2.46,-0.75,1.62,1.57079633,1.57079633,0,results/beintelli_bus_model/colmap/moving_route_v4_aruco_anchor_backbone/images/moving_0036.jpg,"[1, 4, 5]",3,False
moving_0037.jpg,-3.010526,-0.173684,1.850000,0.000000,0.620521,-0.342105,anchor_F4_front_right_table_or_box,F4_front_right_table_or_box,-2.46,-0.75,1.62,1.57079633,1.57079633,0,results/beintelli_bus_model/colmap/moving_route_v4_aruco_anchor_backbone/images/moving_0037.jpg,"[1, 4, 5]",3,False
moving_0038.jpg,-2.976316,-0.184211,1.850000,0.000000,0.639290,-0.355263,anchor_F4_front_right_table_or_box,F4_front_right_table_or_box,-2.46,-0.75,1.62,1.57079633,1.57079633,0,results/beintelli_bus_model/colmap/moving_route_v4_aruco_anchor_backbone/images/moving_0038.jpg,"[1, 3, 4, 5]",4,False
moving_0039.jpg,-2.942105,-0.194737,1.850000,0.000000,0.648805,-0.368421,anchor_F4_front_right_table_or_box,F4_front_right_table_or_box,-2.46,-0.75,1.62,1.57079633,1.57079633,0,results/beintelli_bus_model/colmap/moving_route_v4_aruco_anchor_backbone/images/moving_0039.jpg,"[1, 3, 4, 5]",4,False
moving_0040.jpg,-2.907895,-0.205263,1.850000,0.000000,0.648805,-0.381579,anchor_F4_front_right_table_or_box,F4_front_right_table_or_box,-2.46,-0.75,1.62,1.57079633,1.57079633,0,results/beintelli_bus_model/colmap/moving_route_v4_aruco_anchor_backbone/images/moving_0040.jpg,"[1, 3, 4, 5]",4,False
moving_0041.jpg,-2.873684,-0.215789,1.850000,0.000000,0.639290,-0.394737,anchor_F4_front_right_table_or_box,F4_front_right_table_or_box,-2.46,-0.75,1.62,1.57079633,1.57079633,0,results/beintelli_bus_model/colmap/moving_route_v4_aruco_anchor_backbone/images/moving_0041.jpg,"[1, 3, 4]",3,False
moving_0042.jpg,-2.839474,-0.226316,1.850000,0.000000,0.620521,-0.407895,anchor_F4_front_right_table_or_box,F4_front_right_table_or_box,-2.46,-0.75,1.62,1.57079633,1.57079633,0,results/beintelli_bus_model/colmap/moving_route_v4_aruco_anchor_backbone/images/moving_0042.jpg,"[1, 3, 4]",3,False
moving_0043.jpg,-2.805263,-0.236842,1.850000,0.000000,0.593008,-0.421053,anchor_F4_front_right_table_or_box,F4_front_right_table_or_box,-2.46,-0.75,1.62,1.57079633,1.57079633,0,results/beintelli_bus_model/colmap/moving_route_v4_aruco_anchor_backbone/images/moving_0043.jpg,"[1, 3, 4]",3,False
moving_0044.jpg,-2.771053,-0.247368,1.850000,0.000000,0.557503,-0.434211,anchor_F4_front_right_table_or_box,F4_front_right_table_or_box,-2.46,-0.75,1.62,1.57079633,1.57079633,0,results/beintelli_bus_model/colmap/moving_route_v4_aruco_anchor_backbone/images/moving_0044.jpg,"[1, 3, 4]",3,False
moving_0045.jpg,-2.736842,-0.257895,1.850000,0.000000,0.514974,-0.447368,anchor_F4_front_right_table_or_box,F4_front_right_table_or_box,-2.46,-0.75,1.62,1.57079633,1.57079633,0,results/beintelli_bus_model/colmap/moving_route_v4_aruco_anchor_backbone/images/moving_0045.jpg,"[1, 3, 4]",3,False
moving_0046.jpg,-2.702632,-0.268421,1.850000,0.000000,0.466582,-0.460526,anchor_F4_front_right_table_or_box,F4_front_right_table_or_box,-2.46,-0.75,1.62,1.57079633,1.57079633,0,results/beintelli_bus_model/colmap/moving_route_v4_aruco_anchor_backbone/images/moving_0046.jpg,"[1, 3, 4]",3,False
moving_0047.jpg,-2.668421,-0.278947,1.850000,0.000000,0.413645,-0.473684,anchor_F4_front_right_table_or_box,F4_front_right_table_or_box,-2.46,-0.75,1.62,1.57079633,1.57079633,0,results/beintelli_bus_model/colmap/moving_route_v4_aruco_anchor_backbone/images/moving_0047.jpg,"[0, 3, 4]",3,False
moving_0048.jpg,-2.634211,-0.289474,1.850000,0.000000,0.357608,-0.486842,anchor_F4_front_right_table_or_box,F4_front_right_table_or_box,-2.46,-0.75,1.62,1.57079633,1.57079633,0,results/beintelli_bus_model/colmap/moving_route_v4_aruco_anchor_backbone/images/moving_0048.jpg,"[3, 4]",2,False
moving_0049.jpg,-2.600000,-0.300000,1.850000,0.000000,0.300000,-0.500000,anchor_F4_front_right_table_or_box,F4_front_right_table_or_box,-2.46,-0.75,1.62,1.57079633,1.57079633,0,results/beintelli_bus_model/colmap/moving_route_v4_aruco_anchor_backbone/images/moving_0049.jpg,"[0, 3, 4]",3,False
moving_0050.jpg,-2.700000,-0.300000,1.850000,0.000000,0.450000,-0.450000,transition_F4_to_backbone,PARK,0,0,-5,0,0,0,results/beintelli_bus_model/colmap/moving_route_v4_aruco_anchor_backbone/images/moving_0050.jpg,[3],1,False
moving_0051.jpg,-2.686667,-0.280000,1.836667,0.000000,0.420000,-0.420000,transition_F4_to_backbone,PARK,0,0,-5,0,0,0,results/beintelli_bus_model/colmap/moving_route_v4_aruco_anchor_backbone/images/moving_0051.jpg,[],0,False
moving_0052.jpg,-2.673333,-0.260000,1.823333,0.000000,0.390000,-0.390000,transition_F4_to_backbone,PARK,0,0,-5,0,0,0,results/beintelli_bus_model/colmap/moving_route_v4_aruco_anchor_backbone/images/moving_0052.jpg,[],0,False
moving_0053.jpg,-2.660000,-0.240000,1.810000,0.000000,0.360000,-0.360000,transition_F4_to_backbone,PARK,0,0,-5,0,0,0,results/beintelli_bus_model/colmap/moving_route_v4_aruco_anchor_backbone/images/moving_0053.jpg,[],0,False
moving_0054.jpg,-2.646667,-0.220000,1.796667,0.000000,0.330000,-0.330000,transition_F4_to_backbone,PARK,0,0,-5,0,0,0,results/beintelli_bus_model/colmap/moving_route_v4_aruco_anchor_backbone/images/moving_0054.jpg,[],0,False
moving_0055.jpg,-2.633333,-0.200000,1.783333,0.000000,0.300000,-0.300000,transition_F4_to_backbone,PARK,0,0,-5,0,0,0,results/beintelli_bus_model/colmap/moving_route_v4_aruco_anchor_backbone/images/moving_0055.jpg,[],0,False
moving_0056.jpg,-2.620000,-0.180000,1.770000,0.000000,0.270000,-0.270000,transition_F4_to_backbone,PARK,0,0,-5,0,0,0,results/beintelli_bus_model/colmap/moving_route_v4_aruco_anchor_backbone/images/moving_0056.jpg,[],0,False
moving_0057.jpg,-2.606667,-0.160000,1.756667,0.000000,0.240000,-0.240000,transition_F4_to_backbone,PARK,0,0,-5,0,0,0,results/beintelli_bus_model/colmap/moving_route_v4_aruco_anchor_backbone/images/moving_0057.jpg,[],0,False
moving_0058.jpg,-2.593333,-0.140000,1.743333,0.000000,0.210000,-0.210000,transition_F4_to_backbone,PARK,0,0,-5,0,0,0,results/beintelli_bus_model/colmap/moving_route_v4_aruco_anchor_backbone/images/moving_0058.jpg,[],0,False
moving_0059.jpg,-2.580000,-0.120000,1.730000,0.000000,0.180000,-0.180000,transition_F4_to_backbone,PARK,0,0,-5,0,0,0,results/beintelli_bus_model/colmap/moving_route_v4_aruco_anchor_backbone/images/moving_0059.jpg,[],0,False
moving_0060.jpg,-2.566667,-0.100000,1.716667,0.000000,0.150000,-0.150000,transition_F4_to_backbone,PARK,0,0,-5,0,0,0,results/beintelli_bus_model/colmap/moving_route_v4_aruco_anchor_backbone/images/moving_0060.jpg,[],0,False
moving_0061.jpg,-2.553333,-0.080000,1.703333,0.000000,0.120000,-0.120000,transition_F4_to_backbone,PARK,0,0,-5,0,0,0,results/beintelli_bus_model/colmap/moving_route_v4_aruco_anchor_backbone/images/moving_0061.jpg,[],0,False
moving_0062.jpg,-2.540000,-0.060000,1.690000,0.000000,0.090000,-0.090000,transition_F4_to_backbone,PARK,0,0,-5,0,0,0,results/beintelli_bus_model/colmap/moving_route_v4_aruco_anchor_backbone/images/moving_0062.jpg,[],0,False
moving_0063.jpg,-2.526667,-0.040000,1.676667,0.000000,0.060000,-0.060000,transition_F4_to_backbone,PARK,0,0,-5,0,0,0,results/beintelli_bus_model/colmap/moving_route_v4_aruco_anchor_backbone/images/moving_0063.jpg,[],0,False
moving_0064.jpg,-2.513333,-0.020000,1.663333,0.000000,0.030000,-0.030000,transition_F4_to_backbone,PARK,0,0,-5,0,0,0,results/beintelli_bus_model/colmap/moving_route_v4_aruco_anchor_backbone/images/moving_0064.jpg,[],0,False
moving_0065.jpg,-2.500000,-0.000000,1.650000,0.000000,0.000000,-0.000000,transition_F4_to_backbone,PARK,0,0,-5,0,0,0,results/beintelli_bus_model/colmap/moving_route_v4_aruco_anchor_backbone/images/moving_0065.jpg,[],0,False
moving_0066.jpg,-4.200000,0.000000,1.650000,0.000000,0.000000,0.000000,backbone_slow_yaw_front_to_rear,PARK,0,0,-5,0,0,0,results/beintelli_bus_model/colmap/moving_route_v4_aruco_anchor_backbone/images/moving_0066.jpg,[],0,False
moving_0067.jpg,-4.150000,0.011223,1.650000,0.000000,0.002105,0.000293,backbone_slow_yaw_front_to_rear,PARK,0,0,-5,0,0,0,results/beintelli_bus_model/colmap/moving_route_v4_aruco_anchor_backbone/images/moving_0067.jpg,[],0,False
moving_0068.jpg,-4.100000,0.022391,1.650000,0.000000,0.004204,0.001168,backbone_slow_yaw_front_to_rear,PARK,0,0,-5,0,0,0,results/beintelli_bus_model/colmap/moving_route_v4_aruco_anchor_backbone/images/moving_0068.jpg,[],0,False
moving_0069.jpg,-4.050000,0.033449,1.650000,0.000000,0.006292,0.002618,backbone_slow_yaw_front_to_rear,PARK,0,0,-5,0,0,0,results/beintelli_bus_model/colmap/moving_route_v4_aruco_anchor_backbone/images/moving_0069.jpg,[],0,False
moving_0070.jpg,-4.000000,0.044342,1.650000,0.000000,0.008362,0.004636,backbone_slow_yaw_front_to_rear,PARK,0,0,-5,0,0,0,results/beintelli_bus_model/colmap/moving_route_v4_aruco_anchor_backbone/images/moving_0070.jpg,[],0,False
moving_0071.jpg,-3.950000,0.055016,1.650000,0.000000,0.010409,0.007217,backbone_slow_yaw_front_to_rear,PARK,0,0,-5,0,0,0,results/beintelli_bus_model/colmap/moving_route_v4_aruco_anchor_backbone/images/moving_0071.jpg,[],0,False
moving_0072.jpg,-3.900000,0.065420,1.650000,0.000000,0.012427,0.010353,backbone_slow_yaw_front_to_rear,PARK,0,0,-5,0,0,0,results/beintelli_bus_model/colmap/moving_route_v4_aruco_anchor_backbone/images/moving_0072.jpg,[],0,False
moving_0073.jpg,-3.850000,0.075501,1.650000,0.000000,0.014411,0.014037,backbone_slow_yaw_front_to_rear,PARK,0,0,-5,0,0,0,results/beintelli_bus_model/colmap/moving_route_v4_aruco_anchor_backbone/images/moving_0073.jpg,[],0,False
moving_0074.jpg,-3.800000,0.085210,1.650000,0.000000,0.016355,0.018265,backbone_slow_yaw_front_to_rear,PARK,0,0,-5,0,0,0,results/beintelli_bus_model/colmap/moving_route_v4_aruco_anchor_backbone/images/moving_0074.jpg,[],0,False
moving_0075.jpg,-3.750000,0.094499,1.650000,0.000000,0.018253,0.023027,backbone_slow_yaw_front_to_rear,PARK,0,0,-5,0,0,0,results/beintelli_bus_model/colmap/moving_route_v4_aruco_anchor_backbone/images/moving_0075.jpg,[],0,False
moving_0076.jpg,-3.700000,0.103323,1.650000,0.000000,0.020101,0.028319,backbone_slow_yaw_front_to_rear,PARK,0,0,-5,0,0,0,results/beintelli_bus_model/colmap/moving_route_v4_aruco_anchor_backbone/images/moving_0076.jpg,[],0,False
moving_0077.jpg,-3.650000,0.111638,1.650000,0.000000,0.021893,0.034134,backbone_slow_yaw_front_to_rear,PARK,0,0,-5,0,0,0,results/beintelli_bus_model/colmap/moving_route_v4_aruco_anchor_backbone/images/moving_0077.jpg,[],0,False
moving_0078.jpg,-3.600000,0.119403,1.650000,0.000000,0.023625,0.040464,backbone_slow_yaw_front_to_rear,PARK,0,0,-5,0,0,0,results/beintelli_bus_model/colmap/moving_route_v4_aruco_anchor_backbone/images/moving_0078.jpg,[],0,False
moving_0079.jpg,-3.550000,0.126580,1.650000,0.000000,0.025291,0.047304,backbone_slow_yaw_front_to_rear,PARK,0,0,-5,0,0,0,results/beintelli_bus_model/colmap/moving_route_v4_aruco_anchor_backbone/images/moving_0079.jpg,[],0,False
moving_0080.jpg,-3.500000,0.133133,1.650000,0.000000,0.026887,0.054647,backbone_slow_yaw_front_to_rear,PARK,0,0,-5,0,0,0,results/beintelli_bus_model/colmap/moving_route_v4_aruco_anchor_backbone/images/moving_0080.jpg,[],0,False
moving_0081.jpg,-3.450000,0.139030,1.650000,0.000000,0.028408,0.062486,backbone_slow_yaw_front_to_rear,PARK,0,0,-5,0,0,0,results/beintelli_bus_model/colmap/moving_route_v4_aruco_anchor_backbone/images/moving_0081.jpg,[],0,False
moving_0082.jpg,-3.400000,0.144242,1.650000,0.000000,0.029851,0.070814,backbone_slow_yaw_front_to_rear,PARK,0,0,-5,0,0,0,results/beintelli_bus_model/colmap/moving_route_v4_aruco_anchor_backbone/images/moving_0082.jpg,[],0,False
moving_0083.jpg,-3.350000,0.148744,1.650000,0.000000,0.031211,0.079626,backbone_slow_yaw_front_to_rear,PARK,0,0,-5,0,0,0,results/beintelli_bus_model/colmap/moving_route_v4_aruco_anchor_backbone/images/moving_0083.jpg,[],0,False
moving_0084.jpg,-3.300000,0.152512,1.650000,0.000000,0.032484,0.088915,backbone_slow_yaw_front_to_rear,PARK,0,0,-5,0,0,0,results/beintelli_bus_model/colmap/moving_route_v4_aruco_anchor_backbone/images/moving_0084.jpg,[],0,False
moving_0085.jpg,-3.250000,0.155530,1.650000,0.000000,0.033667,0.098673,backbone_slow_yaw_front_to_rear,PARK,0,0,-5,0,0,0,results/beintelli_bus_model/colmap/moving_route_v4_aruco_anchor_backbone/images/moving_0085.jpg,[],0,False
moving_0086.jpg,-3.200000,0.157781,1.650000,0.000000,0.034757,0.108895,backbone_slow_yaw_front_to_rear,PARK,0,0,-5,0,0,0,results/beintelli_bus_model/colmap/moving_route_v4_aruco_anchor_backbone/images/moving_0086.jpg,[],0,False
moving_0087.jpg,-3.150000,0.159255,1.650000,0.000000,0.035751,0.119573,backbone_slow_yaw_front_to_rear,PARK,0,0,-5,0,0,0,results/beintelli_bus_model/colmap/moving_route_v4_aruco_anchor_backbone/images/moving_0087.jpg,[],0,False
moving_0088.jpg,-3.100000,0.159945,1.650000,0.000000,0.036646,0.130702,backbone_slow_yaw_front_to_rear,PARK,0,0,-5,0,0,0,results/beintelli_bus_model/colmap/moving_route_v4_aruco_anchor_backbone/images/moving_0088.jpg,[],0,False
moving_0089.jpg,-3.050000,0.159846,1.650000,0.000000,0.037439,0.142275,backbone_slow_yaw_front_to_rear,PARK,0,0,-5,0,0,0,results/beintelli_bus_model/colmap/moving_route_v4_aruco_anchor_backbone/images/moving_0089.jpg,[],0,False
moving_0090.jpg,-3.000000,0.158960,1.650000,0.000000,0.038128,0.154284,backbone_slow_yaw_front_to_rear,PARK,0,0,-5,0,0,0,results/beintelli_bus_model/colmap/moving_route_v4_aruco_anchor_backbone/images/moving_0090.jpg,[],0,False
moving_0091.jpg,-2.950000,0.157291,1.650000,0.000000,0.038712,0.166725,backbone_slow_yaw_front_to_rear,PARK,0,0,-5,0,0,0,results/beintelli_bus_model/colmap/moving_route_v4_aruco_anchor_backbone/images/moving_0091.jpg,[],0,False
moving_0092.jpg,-2.900000,0.154847,1.650000,0.000000,0.039188,0.179589,backbone_slow_yaw_front_to_rear,PARK,0,0,-5,0,0,0,results/beintelli_bus_model/colmap/moving_route_v4_aruco_anchor_backbone/images/moving_0092.jpg,[],0,False
moving_0093.jpg,-2.850000,0.151640,1.650000,0.000000,0.039556,0.192870,backbone_slow_yaw_front_to_rear,PARK,0,0,-5,0,0,0,results/beintelli_bus_model/colmap/moving_route_v4_aruco_anchor_backbone/images/moving_0093.jpg,[],0,False
moving_0094.jpg,-2.800000,0.147686,1.650000,0.000000,0.039814,0.206563,backbone_slow_yaw_front_to_rear,PARK,0,0,-5,0,0,0,results/beintelli_bus_model/colmap/moving_route_v4_aruco_anchor_backbone/images/moving_0094.jpg,[],0,False
moving_0095.jpg,-2.750000,0.143005,1.650000,0.000000,0.039962,0.220659,backbone_slow_yaw_front_to_rear,PARK,0,0,-5,0,0,0,results/beintelli_bus_model/colmap/moving_route_v4_aruco_anchor_backbone/images/moving_0095.jpg,[],0,False
moving_0096.jpg,-2.700000,0.137619,1.650000,0.000000,0.039998,0.235154,backbone_slow_yaw_front_to_rear,PARK,0,0,-5,0,0,0,results/beintelli_bus_model/colmap/moving_route_v4_aruco_anchor_backbone/images/moving_0096.jpg,[],0,False
moving_0097.jpg,-2.650000,0.131555,1.650000,0.000000,0.039925,0.250039,backbone_slow_yaw_front_to_rear,PARK,0,0,-5,0,0,0,results/beintelli_bus_model/colmap/moving_route_v4_aruco_anchor_backbone/images/moving_0097.jpg,[],0,False
moving_0098.jpg,-2.600000,0.124843,1.650000,0.000000,0.039740,0.265309,backbone_slow_yaw_front_to_rear,PARK,0,0,-5,0,0,0,results/beintelli_bus_model/colmap/moving_route_v4_aruco_anchor_backbone/images/moving_0098.jpg,[],0,False
moving_0099.jpg,-2.550000,0.117515,1.650000,0.000000,0.039445,0.280957,backbone_slow_yaw_front_to_rear,PARK,0,0,-5,0,0,0,results/beintelli_bus_model/colmap/moving_route_v4_aruco_anchor_backbone/images/moving_0099.jpg,[],0,False
moving_0100.jpg,-2.500000,0.109609,1.650000,0.000000,0.039041,0.296976,backbone_slow_yaw_front_to_rear,PARK,0,0,-5,0,0,0,results/beintelli_bus_model/colmap/moving_route_v4_aruco_anchor_backbone/images/moving_0100.jpg,[],0,False
moving_0101.jpg,-2.450000,0.101163,1.650000,0.000000,0.038529,0.313360,backbone_slow_yaw_front_to_rear,PARK,0,0,-5,0,0,0,results/beintelli_bus_model/colmap/moving_route_v4_aruco_anchor_backbone/images/moving_0101.jpg,[],0,False
moving_0102.jpg,-2.400000,0.092219,1.650000,0.000000,0.037910,0.330102,backbone_slow_yaw_front_to_rear,PARK,0,0,-5,0,0,0,results/beintelli_bus_model/colmap/moving_route_v4_aruco_anchor_backbone/images/moving_0102.jpg,[],0,False
moving_0103.jpg,-2.350000,0.082820,1.650000,0.000000,0.037186,0.347196,backbone_slow_yaw_front_to_rear,PARK,0,0,-5,0,0,0,results/beintelli_bus_model/colmap/moving_route_v4_aruco_anchor_backbone/images/moving_0103.jpg,[],0,False
moving_0104.jpg,-2.300000,0.073014,1.650000,0.000000,0.036359,0.364635,backbone_slow_yaw_front_to_rear,PARK,0,0,-5,0,0,0,results/beintelli_bus_model/colmap/moving_route_v4_aruco_anchor_backbone/images/moving_0104.jpg,[],0,False
moving_0105.jpg,-2.250000,0.062847,1.650000,0.000000,0.035431,0.382413,backbone_slow_yaw_front_to_rear,PARK,0,0,-5,0,0,0,results/beintelli_bus_model/colmap/moving_route_v4_aruco_anchor_backbone/images/moving_0105.jpg,[],0,False
moving_0106.jpg,-2.200000,0.052371,1.650000,0.000000,0.034405,0.400523,backbone_slow_yaw_front_to_rear,PARK,0,0,-5,0,0,0,results/beintelli_bus_model/colmap/moving_route_v4_aruco_anchor_backbone/images/moving_0106.jpg,[],0,False
moving_0107.jpg,-2.150000,0.041637,1.650000,0.000000,0.033283,0.418957,backbone_slow_yaw_front_to_rear,PARK,0,0,-5,0,0,0,results/beintelli_bus_model/colmap/moving_route_v4_aruco_anchor_backbone/images/moving_0107.jpg,[],0,False
moving_0108.jpg,-2.100000,0.030698,1.650000,0.000000,0.032069,0.437711,backbone_slow_yaw_front_to_rear,PARK,0,0,-5,0,0,0,results/beintelli_bus_model/colmap/moving_route_v4_aruco_anchor_backbone/images/moving_0108.jpg,[],0,False
moving_0109.jpg,-2.050000,0.019607,1.650000,0.000000,0.030767,0.456777,backbone_slow_yaw_front_to_rear,PARK,0,0,-5,0,0,0,results/beintelli_bus_model/colmap/moving_route_v4_aruco_anchor_backbone/images/moving_0109.jpg,[],0,False
moving_0110.jpg,-2.000000,0.008420,1.650000,0.000000,0.029379,0.476149,backbone_slow_yaw_front_to_rear,PARK,0,0,-5,0,0,0,results/beintelli_bus_model/colmap/moving_route_v4_aruco_anchor_backbone/images/moving_0110.jpg,[],0,False
moving_0111.jpg,-1.950000,-0.002808,1.650000,0.000000,0.027910,0.495819,backbone_slow_yaw_front_to_rear,PARK,0,0,-5,0,0,0,results/beintelli_bus_model/colmap/moving_route_v4_aruco_anchor_backbone/images/moving_0111.jpg,[],0,False
moving_0112.jpg,-1.900000,-0.014023,1.650000,0.000000,0.026363,0.515782,backbone_slow_yaw_front_to_rear,PARK,0,0,-5,0,0,0,results/beintelli_bus_model/colmap/moving_route_v4_aruco_anchor_backbone/images/moving_0112.jpg,[],0,False
moving_0113.jpg,-1.850000,-0.025168,1.650000,0.000000,0.024743,0.536031,backbone_slow_yaw_front_to_rear,PARK,0,0,-5,0,0,0,results/beintelli_bus_model/colmap/moving_route_v4_aruco_anchor_backbone/images/moving_0113.jpg,[],0,False
moving_0114.jpg,-1.800000,-0.036190,1.650000,0.000000,0.023055,0.556560,backbone_slow_yaw_front_to_rear,PARK,0,0,-5,0,0,0,results/beintelli_bus_model/colmap/moving_route_v4_aruco_anchor_backbone/images/moving_0114.jpg,[],0,False
moving_0115.jpg,-1.750000,-0.047033,1.650000,0.000000,0.021303,0.577361,backbone_slow_yaw_front_to_rear,PARK,0,0,-5,0,0,0,results/beintelli_bus_model/colmap/moving_route_v4_aruco_anchor_backbone/images/moving_0115.jpg,[],0,False
moving_0116.jpg,-1.700000,-0.057645,1.650000,0.000000,0.019491,0.598428,backbone_slow_yaw_front_to_rear,PARK,0,0,-5,0,0,0,results/beintelli_bus_model/colmap/moving_route_v4_aruco_anchor_backbone/images/moving_0116.jpg,[],0,False
moving_0117.jpg,-1.650000,-0.067972,1.650000,0.000000,0.017626,0.619755,backbone_slow_yaw_front_to_rear,PARK,0,0,-5,0,0,0,results/beintelli_bus_model/colmap/moving_route_v4_aruco_anchor_backbone/images/moving_0117.jpg,[],0,False
moving_0118.jpg,-1.600000,-0.077965,1.650000,0.000000,0.015712,0.641336,backbone_slow_yaw_front_to_rear,PARK,0,0,-5,0,0,0,results/beintelli_bus_model/colmap/moving_route_v4_aruco_anchor_backbone/images/moving_0118.jpg,[],0,False
moving_0119.jpg,-1.550000,-0.087574,1.650000,0.000000,0.013754,0.663162,backbone_slow_yaw_front_to_rear,PARK,0,0,-5,0,0,0,results/beintelli_bus_model/colmap/moving_route_v4_aruco_anchor_backbone/images/moving_0119.jpg,[],0,False
moving_0120.jpg,-1.500000,-0.096751,1.650000,0.000000,0.011758,0.685229,backbone_slow_yaw_front_to_rear,PARK,0,0,-5,0,0,0,results/beintelli_bus_model/colmap/moving_route_v4_aruco_anchor_backbone/images/moving_0120.jpg,[],0,False
moving_0121.jpg,-1.450000,-0.105451,1.650000,0.000000,0.009730,0.707529,backbone_slow_yaw_front_to_rear,PARK,0,0,-5,0,0,0,results/beintelli_bus_model/colmap/moving_route_v4_aruco_anchor_backbone/images/moving_0121.jpg,[],0,False
moving_0122.jpg,-1.400000,-0.113632,1.650000,0.000000,0.007674,0.730055,backbone_slow_yaw_front_to_rear,PARK,0,0,-5,0,0,0,results/beintelli_bus_model/colmap/moving_route_v4_aruco_anchor_backbone/images/moving_0122.jpg,[],0,False
moving_0123.jpg,-1.350000,-0.121254,1.650000,0.000000,0.005598,0.752802,backbone_slow_yaw_front_to_rear,PARK,0,0,-5,0,0,0,results/beintelli_bus_model/colmap/moving_route_v4_aruco_anchor_backbone/images/moving_0123.jpg,[],0,False
moving_0124.jpg,-1.300000,-0.128278,1.650000,0.000000,0.003506,0.775763,backbone_slow_yaw_front_to_rear,PARK,0,0,-5,0,0,0,results/beintelli_bus_model/colmap/moving_route_v4_aruco_anchor_backbone/images/moving_0124.jpg,[],0,False
moving_0125.jpg,-1.250000,-0.134670,1.650000,0.000000,0.001404,0.798930,backbone_slow_yaw_front_to_rear,PARK,0,0,-5,0,0,0,results/beintelli_bus_model/colmap/moving_route_v4_aruco_anchor_backbone/images/moving_0125.jpg,[],0,False
moving_0126.jpg,-1.200000,-0.140398,1.650000,0.000000,-0.000702,0.822298,backbone_slow_yaw_front_to_rear,PARK,0,0,-5,0,0,0,results/beintelli_bus_model/colmap/moving_route_v4_aruco_anchor_backbone/images/moving_0126.jpg,[],0,False
moving_0127.jpg,-1.150000,-0.145435,1.650000,0.000000,-0.002806,0.845860,backbone_slow_yaw_front_to_rear,PARK,0,0,-5,0,0,0,results/beintelli_bus_model/colmap/moving_route_v4_aruco_anchor_backbone/images/moving_0127.jpg,[],0,False
moving_0128.jpg,-1.100000,-0.149755,1.650000,0.000000,-0.004902,0.869609,backbone_slow_yaw_front_to_rear,PARK,0,0,-5,0,0,0,results/beintelli_bus_model/colmap/moving_route_v4_aruco_anchor_backbone/images/moving_0128.jpg,[],0,False
moving_0129.jpg,-1.050000,-0.153338,1.650000,0.000000,-0.006984,0.893539,backbone_slow_yaw_front_to_rear,PARK,0,0,-5,0,0,0,results/beintelli_bus_model/colmap/moving_route_v4_aruco_anchor_backbone/images/moving_0129.jpg,[],0,False
moving_0130.jpg,-1.000000,-0.156165,1.650000,0.000000,-0.009047,0.917644,backbone_slow_yaw_front_to_rear,PARK,0,0,-5,0,0,0,results/beintelli_bus_model/colmap/moving_route_v4_aruco_anchor_backbone/images/moving_0130.jpg,[],0,False
moving_0131.jpg,-0.950000,-0.158223,1.650000,0.000000,-0.011085,0.941915,backbone_slow_yaw_front_to_rear,PARK,0,0,-5,0,0,0,results/beintelli_bus_model/colmap/moving_route_v4_aruco_anchor_backbone/images/moving_0131.jpg,[],0,False
moving_0132.jpg,-0.900000,-0.159501,1.650000,0.000000,-0.013093,0.966348,backbone_slow_yaw_front_to_rear,PARK,0,0,-5,0,0,0,results/beintelli_bus_model/colmap/moving_route_v4_aruco_anchor_backbone/images/moving_0132.jpg,[],0,False
moving_0133.jpg,-0.850000,-0.159994,1.650000,0.000000,-0.015064,0.990936,backbone_slow_yaw_front_to_rear,PARK,0,0,-5,0,0,0,results/beintelli_bus_model/colmap/moving_route_v4_aruco_anchor_backbone/images/moving_0133.jpg,[],0,False
moving_0134.jpg,-0.800000,-0.159698,1.650000,0.000000,-0.016993,1.015671,backbone_slow_yaw_front_to_rear,PARK,0,0,-5,0,0,0,results/beintelli_bus_model/colmap/moving_route_v4_aruco_anchor_backbone/images/moving_0134.jpg,[],0,False
moving_0135.jpg,-0.750000,-0.158616,1.650000,0.000000,-0.018875,1.040547,backbone_slow_yaw_front_to_rear,PARK,0,0,-5,0,0,0,results/beintelli_bus_model/colmap/moving_route_v4_aruco_anchor_backbone/images/moving_0135.jpg,[],0,False
moving_0136.jpg,-0.700000,-0.156752,1.650000,0.000000,-0.020705,1.065559,backbone_slow_yaw_front_to_rear,PARK,0,0,-5,0,0,0,results/beintelli_bus_model/colmap/moving_route_v4_aruco_anchor_backbone/images/moving_0136.jpg,[],0,False
moving_0137.jpg,-0.650000,-0.154116,1.650000,0.000000,-0.022478,1.090698,backbone_slow_yaw_front_to_rear,PARK,0,0,-5,0,0,0,results/beintelli_bus_model/colmap/moving_route_v4_aruco_anchor_backbone/images/moving_0137.jpg,[],0,False
moving_0138.jpg,-0.600000,-0.150721,1.650000,0.000000,-0.024188,1.115959,backbone_slow_yaw_front_to_rear,PARK,0,0,-5,0,0,0,results/beintelli_bus_model/colmap/moving_route_v4_aruco_anchor_backbone/images/moving_0138.jpg,[],0,False
moving_0139.jpg,-0.550000,-0.146583,1.650000,0.000000,-0.025831,1.141335,backbone_slow_yaw_front_to_rear,PARK,0,0,-5,0,0,0,results/beintelli_bus_model/colmap/moving_route_v4_aruco_anchor_backbone/images/moving_0139.jpg,[],0,False
moving_0140.jpg,-0.500000,-0.141723,1.650000,0.000000,-0.027402,1.166820,backbone_slow_yaw_front_to_rear,PARK,0,0,-5,0,0,0,results/beintelli_bus_model/colmap/moving_route_v4_aruco_anchor_backbone/images/moving_0140.jpg,[],0,False
moving_0141.jpg,-0.450000,-0.136165,1.650000,0.000000,-0.028898,1.192406,backbone_slow_yaw_front_to_rear,PARK,0,0,-5,0,0,0,results/beintelli_bus_model/colmap/moving_route_v4_aruco_anchor_backbone/images/moving_0141.jpg,[],0,False
moving_0142.jpg,-0.400000,-0.129936,1.650000,0.000000,-0.030313,1.218088,backbone_slow_yaw_front_to_rear,PARK,0,0,-5,0,0,0,results/beintelli_bus_model/colmap/moving_route_v4_aruco_anchor_backbone/images/moving_0142.jpg,[],0,False
moving_0143.jpg,-0.350000,-0.123067,1.650000,0.000000,-0.031645,1.243859,backbone_slow_yaw_front_to_rear,PARK,0,0,-5,0,0,0,results/beintelli_bus_model/colmap/moving_route_v4_aruco_anchor_backbone/images/moving_0143.jpg,[],0,False
moving_0144.jpg,-0.300000,-0.115592,1.650000,0.000000,-0.032889,1.269711,backbone_slow_yaw_front_to_rear,PARK,0,0,-5,0,0,0,results/beintelli_bus_model/colmap/moving_route_v4_aruco_anchor_backbone/images/moving_0144.jpg,[],0,False
moving_0145.jpg,-0.250000,-0.107547,1.650000,0.000000,-0.034041,1.295639,backbone_slow_yaw_front_to_rear,PARK,0,0,-5,0,0,0,results/beintelli_bus_model/colmap/moving_route_v4_aruco_anchor_backbone/images/moving_0145.jpg,[],0,False
moving_0146.jpg,-0.200000,-0.098972,1.650000,0.000000,-0.035100,1.321637,backbone_slow_yaw_front_to_rear,PARK,0,0,-5,0,0,0,results/beintelli_bus_model/colmap/moving_route_v4_aruco_anchor_backbone/images/moving_0146.jpg,[],0,False
moving_0147.jpg,-0.150000,-0.089910,1.650000,0.000000,-0.036060,1.347696,backbone_slow_yaw_front_to_rear,PARK,0,0,-5,0,0,0,results/beintelli_bus_model/colmap/moving_route_v4_aruco_anchor_backbone/images/moving_0147.jpg,[],0,False
moving_0148.jpg,-0.100000,-0.080405,1.650000,0.000000,-0.036922,1.373812,backbone_slow_yaw_front_to_rear,PARK,0,0,-5,0,0,0,results/beintelli_bus_model/colmap/moving_route_v4_aruco_anchor_backbone/images/moving_0148.jpg,[],0,False
moving_0149.jpg,-0.050000,-0.070504,1.650000,0.000000,-0.037680,1.399977,backbone_slow_yaw_front_to_rear,PARK,0,0,-5,0,0,0,results/beintelli_bus_model/colmap/moving_route_v4_aruco_anchor_backbone/images/moving_0149.jpg,[],0,False
moving_0150.jpg,-0.000000,-0.060255,1.650000,0.000000,-0.038334,1.426185,backbone_slow_yaw_front_to_rear,PARK,0,0,-5,0,0,0,results/beintelli_bus_model/colmap/moving_route_v4_aruco_anchor_backbone/images/moving_0150.jpg,[],0,False
moving_0151.jpg,0.050000,-0.049710,1.650000,0.000000,-0.038882,1.452428,backbone_slow_yaw_front_to_rear,PARK,0,0,-5,0,0,0,results/beintelli_bus_model/colmap/moving_route_v4_aruco_anchor_backbone/images/moving_0151.jpg,[],0,False
moving_0152.jpg,0.100000,-0.038919,1.650000,0.000000,-0.039323,1.478702,backbone_slow_yaw_front_to_rear,PARK,0,0,-5,0,0,0,results/beintelli_bus_model/colmap/moving_route_v4_aruco_anchor_backbone/images/moving_0152.jpg,[],0,False
moving_0153.jpg,0.150000,-0.027937,1.650000,0.000000,-0.039654,1.504998,backbone_slow_yaw_front_to_rear,PARK,0,0,-5,0,0,0,results/beintelli_bus_model/colmap/moving_route_v4_aruco_anchor_backbone/images/moving_0153.jpg,[],0,False
moving_0154.jpg,0.200000,-0.016818,1.650000,0.000000,-0.039875,1.531311,backbone_slow_yaw_front_to_rear,PARK,0,0,-5,0,0,0,results/beintelli_bus_model/colmap/moving_route_v4_aruco_anchor_backbone/images/moving_0154.jpg,[],0,False
moving_0155.jpg,0.250000,-0.005615,1.650000,0.000000,-0.039986,1.557633,backbone_slow_yaw_front_to_rear,PARK,0,0,-5,0,0,0,results/beintelli_bus_model/colmap/moving_route_v4_aruco_anchor_backbone/images/moving_0155.jpg,[],0,False
moving_0156.jpg,0.300000,0.005615,1.650000,0.000000,-0.039986,1.583959,backbone_slow_yaw_front_to_rear,PARK,0,0,-5,0,0,0,results/beintelli_bus_model/colmap/moving_route_v4_aruco_anchor_backbone/images/moving_0156.jpg,[],0,False
moving_0157.jpg,0.350000,0.016818,1.650000,0.000000,-0.039875,1.610282,backbone_slow_yaw_front_to_rear,PARK,0,0,-5,0,0,0,results/beintelli_bus_model/colmap/moving_route_v4_aruco_anchor_backbone/images/moving_0157.jpg,[],0,False
moving_0158.jpg,0.400000,0.027937,1.650000,0.000000,-0.039654,1.636595,backbone_slow_yaw_front_to_rear,PARK,0,0,-5,0,0,0,results/beintelli_bus_model/colmap/moving_route_v4_aruco_anchor_backbone/images/moving_0158.jpg,[],0,False
moving_0159.jpg,0.450000,0.038919,1.650000,0.000000,-0.039323,1.662891,backbone_slow_yaw_front_to_rear,PARK,0,0,-5,0,0,0,results/beintelli_bus_model/colmap/moving_route_v4_aruco_anchor_backbone/images/moving_0159.jpg,[],0,False
moving_0160.jpg,0.500000,0.049710,1.650000,0.000000,-0.038882,1.689164,backbone_slow_yaw_front_to_rear,PARK,0,0,-5,0,0,0,results/beintelli_bus_model/colmap/moving_route_v4_aruco_anchor_backbone/images/moving_0160.jpg,[],0,False
moving_0161.jpg,0.550000,0.060255,1.650000,0.000000,-0.038334,1.715408,backbone_slow_yaw_front_to_rear,PARK,0,0,-5,0,0,0,results/beintelli_bus_model/colmap/moving_route_v4_aruco_anchor_backbone/images/moving_0161.jpg,[],0,False
moving_0162.jpg,0.600000,0.070504,1.650000,0.000000,-0.037680,1.741616,backbone_slow_yaw_front_to_rear,PARK,0,0,-5,0,0,0,results/beintelli_bus_model/colmap/moving_route_v4_aruco_anchor_backbone/images/moving_0162.jpg,[],0,False
moving_0163.jpg,0.650000,0.080405,1.650000,0.000000,-0.036922,1.767781,backbone_slow_yaw_front_to_rear,PARK,0,0,-5,0,0,0,results/beintelli_bus_model/colmap/moving_route_v4_aruco_anchor_backbone/images/moving_0163.jpg,[],0,False
moving_0164.jpg,0.700000,0.089910,1.650000,0.000000,-0.036060,1.793896,backbone_slow_yaw_front_to_rear,PARK,0,0,-5,0,0,0,results/beintelli_bus_model/colmap/moving_route_v4_aruco_anchor_backbone/images/moving_0164.jpg,[],0,False
moving_0165.jpg,0.750000,0.098972,1.650000,0.000000,-0.035100,1.819956,backbone_slow_yaw_front_to_rear,PARK,0,0,-5,0,0,0,results/beintelli_bus_model/colmap/moving_route_v4_aruco_anchor_backbone/images/moving_0165.jpg,[],0,False
moving_0166.jpg,0.800000,0.107547,1.650000,0.000000,-0.034041,1.845953,backbone_slow_yaw_front_to_rear,PARK,0,0,-5,0,0,0,results/beintelli_bus_model/colmap/moving_route_v4_aruco_anchor_backbone/images/moving_0166.jpg,[],0,False
moving_0167.jpg,0.850000,0.115592,1.650000,0.000000,-0.032889,1.871881,backbone_slow_yaw_front_to_rear,PARK,0,0,-5,0,0,0,results/beintelli_bus_model/colmap/moving_route_v4_aruco_anchor_backbone/images/moving_0167.jpg,[],0,False
moving_0168.jpg,0.900000,0.123067,1.650000,0.000000,-0.031645,1.897734,backbone_slow_yaw_front_to_rear,PARK,0,0,-5,0,0,0,results/beintelli_bus_model/colmap/moving_route_v4_aruco_anchor_backbone/images/moving_0168.jpg,[],0,False
moving_0169.jpg,0.950000,0.129936,1.650000,0.000000,-0.030313,1.923505,backbone_slow_yaw_front_to_rear,PARK,0,0,-5,0,0,0,results/beintelli_bus_model/colmap/moving_route_v4_aruco_anchor_backbone/images/moving_0169.jpg,[],0,False
moving_0170.jpg,1.000000,0.136165,1.650000,0.000000,-0.028898,1.949186,backbone_slow_yaw_front_to_rear,PARK,0,0,-5,0,0,0,results/beintelli_bus_model/colmap/moving_route_v4_aruco_anchor_backbone/images/moving_0170.jpg,[],0,False
moving_0171.jpg,1.050000,0.141723,1.650000,0.000000,-0.027402,1.974773,backbone_slow_yaw_front_to_rear,PARK,0,0,-5,0,0,0,results/beintelli_bus_model/colmap/moving_route_v4_aruco_anchor_backbone/images/moving_0171.jpg,[],0,False
moving_0172.jpg,1.100000,0.146583,1.650000,0.000000,-0.025831,2.000257,backbone_slow_yaw_front_to_rear,PARK,0,0,-5,0,0,0,results/beintelli_bus_model/colmap/moving_route_v4_aruco_anchor_backbone/images/moving_0172.jpg,[],0,False
moving_0173.jpg,1.150000,0.150721,1.650000,0.000000,-0.024188,2.025633,backbone_slow_yaw_front_to_rear,PARK,0,0,-5,0,0,0,results/beintelli_bus_model/colmap/moving_route_v4_aruco_anchor_backbone/images/moving_0173.jpg,[],0,False
moving_0174.jpg,1.200000,0.154116,1.650000,0.000000,-0.022478,2.050895,backbone_slow_yaw_front_to_rear,PARK,0,0,-5,0,0,0,results/beintelli_bus_model/colmap/moving_route_v4_aruco_anchor_backbone/images/moving_0174.jpg,[],0,False
moving_0175.jpg,1.250000,0.156752,1.650000,0.000000,-0.020705,2.076034,backbone_slow_yaw_front_to_rear,PARK,0,0,-5,0,0,0,results/beintelli_bus_model/colmap/moving_route_v4_aruco_anchor_backbone/images/moving_0175.jpg,[],0,False
moving_0176.jpg,1.300000,0.158616,1.650000,0.000000,-0.018875,2.101045,backbone_slow_yaw_front_to_rear,PARK,0,0,-5,0,0,0,results/beintelli_bus_model/colmap/moving_route_v4_aruco_anchor_backbone/images/moving_0176.jpg,[],0,False
moving_0177.jpg,1.350000,0.159698,1.650000,0.000000,-0.016993,2.125922,backbone_slow_yaw_front_to_rear,PARK,0,0,-5,0,0,0,results/beintelli_bus_model/colmap/moving_route_v4_aruco_anchor_backbone/images/moving_0177.jpg,[],0,False
moving_0178.jpg,1.400000,0.159994,1.650000,0.000000,-0.015064,2.150657,backbone_slow_yaw_front_to_rear,PARK,0,0,-5,0,0,0,results/beintelli_bus_model/colmap/moving_route_v4_aruco_anchor_backbone/images/moving_0178.jpg,[],0,False
moving_0179.jpg,1.450000,0.159501,1.650000,0.000000,-0.013093,2.175244,backbone_slow_yaw_front_to_rear,PARK,0,0,-5,0,0,0,results/beintelli_bus_model/colmap/moving_route_v4_aruco_anchor_backbone/images/moving_0179.jpg,[],0,False
moving_0180.jpg,1.500000,0.158223,1.650000,0.000000,-0.011085,2.199677,backbone_slow_yaw_front_to_rear,PARK,0,0,-5,0,0,0,results/beintelli_bus_model/colmap/moving_route_v4_aruco_anchor_backbone/images/moving_0180.jpg,[],0,False
moving_0181.jpg,1.550000,0.156165,1.650000,0.000000,-0.009047,2.223949,backbone_slow_yaw_front_to_rear,PARK,0,0,-5,0,0,0,results/beintelli_bus_model/colmap/moving_route_v4_aruco_anchor_backbone/images/moving_0181.jpg,[],0,False
moving_0182.jpg,1.600000,0.153338,1.650000,0.000000,-0.006984,2.248053,backbone_slow_yaw_front_to_rear,PARK,0,0,-5,0,0,0,results/beintelli_bus_model/colmap/moving_route_v4_aruco_anchor_backbone/images/moving_0182.jpg,[],0,False
moving_0183.jpg,1.650000,0.149755,1.650000,0.000000,-0.004902,2.271983,backbone_slow_yaw_front_to_rear,PARK,0,0,-5,0,0,0,results/beintelli_bus_model/colmap/moving_route_v4_aruco_anchor_backbone/images/moving_0183.jpg,[],0,False
moving_0184.jpg,1.700000,0.145435,1.650000,0.000000,-0.002806,2.295733,backbone_slow_yaw_front_to_rear,PARK,0,0,-5,0,0,0,results/beintelli_bus_model/colmap/moving_route_v4_aruco_anchor_backbone/images/moving_0184.jpg,[],0,False
moving_0185.jpg,1.750000,0.140398,1.650000,0.000000,-0.000702,2.319294,backbone_slow_yaw_front_to_rear,PARK,0,0,-5,0,0,0,results/beintelli_bus_model/colmap/moving_route_v4_aruco_anchor_backbone/images/moving_0185.jpg,[],0,False
moving_0186.jpg,1.800000,0.134670,1.650000,0.000000,0.001404,2.342662,backbone_slow_yaw_front_to_rear,PARK,0,0,-5,0,0,0,results/beintelli_bus_model/colmap/moving_route_v4_aruco_anchor_backbone/images/moving_0186.jpg,[],0,False
moving_0187.jpg,1.850000,0.128278,1.650000,0.000000,0.003506,2.365830,backbone_slow_yaw_front_to_rear,PARK,0,0,-5,0,0,0,results/beintelli_bus_model/colmap/moving_route_v4_aruco_anchor_backbone/images/moving_0187.jpg,[],0,False
moving_0188.jpg,1.900000,0.121254,1.650000,0.000000,0.005598,2.388790,backbone_slow_yaw_front_to_rear,PARK,0,0,-5,0,0,0,results/beintelli_bus_model/colmap/moving_route_v4_aruco_anchor_backbone/images/moving_0188.jpg,[],0,False
moving_0189.jpg,1.950000,0.113632,1.650000,0.000000,0.007674,2.411537,backbone_slow_yaw_front_to_rear,PARK,0,0,-5,0,0,0,results/beintelli_bus_model/colmap/moving_route_v4_aruco_anchor_backbone/images/moving_0189.jpg,[],0,False
moving_0190.jpg,2.000000,0.105451,1.650000,0.000000,0.009730,2.434064,backbone_slow_yaw_front_to_rear,PARK,0,0,-5,0,0,0,results/beintelli_bus_model/colmap/moving_route_v4_aruco_anchor_backbone/images/moving_0190.jpg,[],0,False
moving_0191.jpg,2.050000,0.096751,1.650000,0.000000,0.011758,2.456364,backbone_slow_yaw_front_to_rear,PARK,0,0,-5,0,0,0,results/beintelli_bus_model/colmap/moving_route_v4_aruco_anchor_backbone/images/moving_0191.jpg,[],0,False
moving_0192.jpg,2.100000,0.087574,1.650000,0.000000,0.013754,2.478430,backbone_slow_yaw_front_to_rear,PARK,0,0,-5,0,0,0,results/beintelli_bus_model/colmap/moving_route_v4_aruco_anchor_backbone/images/moving_0192.jpg,[],0,False
moving_0193.jpg,2.150000,0.077965,1.650000,0.000000,0.015712,2.500257,backbone_slow_yaw_front_to_rear,PARK,0,0,-5,0,0,0,results/beintelli_bus_model/colmap/moving_route_v4_aruco_anchor_backbone/images/moving_0193.jpg,[],0,False
moving_0194.jpg,2.200000,0.067972,1.650000,0.000000,0.017626,2.521837,backbone_slow_yaw_front_to_rear,PARK,0,0,-5,0,0,0,results/beintelli_bus_model/colmap/moving_route_v4_aruco_anchor_backbone/images/moving_0194.jpg,[],0,False
moving_0195.jpg,2.250000,0.057645,1.650000,0.000000,0.019491,2.543164,backbone_slow_yaw_front_to_rear,PARK,0,0,-5,0,0,0,results/beintelli_bus_model/colmap/moving_route_v4_aruco_anchor_backbone/images/moving_0195.jpg,[],0,False
moving_0196.jpg,2.300000,0.047033,1.650000,0.000000,0.021303,2.564232,backbone_slow_yaw_front_to_rear,PARK,0,0,-5,0,0,0,results/beintelli_bus_model/colmap/moving_route_v4_aruco_anchor_backbone/images/moving_0196.jpg,[],0,False
moving_0197.jpg,2.350000,0.036190,1.650000,0.000000,0.023055,2.585033,backbone_slow_yaw_front_to_rear,PARK,0,0,-5,0,0,0,results/beintelli_bus_model/colmap/moving_route_v4_aruco_anchor_backbone/images/moving_0197.jpg,[],0,False
moving_0198.jpg,2.400000,0.025168,1.650000,0.000000,0.024743,2.605561,backbone_slow_yaw_front_to_rear,PARK,0,0,-5,0,0,0,results/beintelli_bus_model/colmap/moving_route_v4_aruco_anchor_backbone/images/moving_0198.jpg,[],0,False
moving_0199.jpg,2.450000,0.014023,1.650000,0.000000,0.026363,2.625810,backbone_slow_yaw_front_to_rear,PARK,0,0,-5,0,0,0,results/beintelli_bus_model/colmap/moving_route_v4_aruco_anchor_backbone/images/moving_0199.jpg,[],0,False
moving_0200.jpg,2.500000,0.002808,1.650000,0.000000,0.027910,2.645773,backbone_slow_yaw_front_to_rear,PARK,0,0,-5,0,0,0,results/beintelli_bus_model/colmap/moving_route_v4_aruco_anchor_backbone/images/moving_0200.jpg,[],0,False
moving_0201.jpg,2.550000,-0.008420,1.650000,0.000000,0.029379,2.665444,backbone_slow_yaw_front_to_rear,PARK,0,0,-5,0,0,0,results/beintelli_bus_model/colmap/moving_route_v4_aruco_anchor_backbone/images/moving_0201.jpg,[],0,False
moving_0202.jpg,2.600000,-0.019607,1.650000,0.000000,0.030767,2.684816,backbone_slow_yaw_front_to_rear,PARK,0,0,-5,0,0,0,results/beintelli_bus_model/colmap/moving_route_v4_aruco_anchor_backbone/images/moving_0202.jpg,[],0,False
moving_0203.jpg,2.650000,-0.030698,1.650000,0.000000,0.032069,2.703882,backbone_slow_yaw_front_to_rear,PARK,0,0,-5,0,0,0,results/beintelli_bus_model/colmap/moving_route_v4_aruco_anchor_backbone/images/moving_0203.jpg,[],0,False
moving_0204.jpg,2.700000,-0.041637,1.650000,0.000000,0.033283,2.722635,backbone_slow_yaw_front_to_rear,PARK,0,0,-5,0,0,0,results/beintelli_bus_model/colmap/moving_route_v4_aruco_anchor_backbone/images/moving_0204.jpg,[],0,False
moving_0205.jpg,2.750000,-0.052371,1.650000,0.000000,0.034405,2.741070,backbone_slow_yaw_front_to_rear,PARK,0,0,-5,0,0,0,results/beintelli_bus_model/colmap/moving_route_v4_aruco_anchor_backbone/images/moving_0205.jpg,[],0,False
moving_0206.jpg,2.800000,-0.062847,1.650000,0.000000,0.035431,2.759180,backbone_slow_yaw_front_to_rear,PARK,0,0,-5,0,0,0,results/beintelli_bus_model/colmap/moving_route_v4_aruco_anchor_backbone/images/moving_0206.jpg,[],0,False
moving_0207.jpg,2.850000,-0.073014,1.650000,0.000000,0.036359,2.776957,backbone_slow_yaw_front_to_rear,PARK,0,0,-5,0,0,0,results/beintelli_bus_model/colmap/moving_route_v4_aruco_anchor_backbone/images/moving_0207.jpg,[],0,False
moving_0208.jpg,2.900000,-0.082820,1.650000,0.000000,0.037186,2.794396,backbone_slow_yaw_front_to_rear,PARK,0,0,-5,0,0,0,results/beintelli_bus_model/colmap/moving_route_v4_aruco_anchor_backbone/images/moving_0208.jpg,[],0,False
moving_0209.jpg,2.950000,-0.092219,1.650000,0.000000,0.037910,2.811490,backbone_slow_yaw_front_to_rear,PARK,0,0,-5,0,0,0,results/beintelli_bus_model/colmap/moving_route_v4_aruco_anchor_backbone/images/moving_0209.jpg,[],0,False
moving_0210.jpg,3.000000,-0.101163,1.650000,0.000000,0.038529,2.828233,backbone_slow_yaw_front_to_rear,PARK,0,0,-5,0,0,0,results/beintelli_bus_model/colmap/moving_route_v4_aruco_anchor_backbone/images/moving_0210.jpg,[],0,False
moving_0211.jpg,3.050000,-0.109609,1.650000,0.000000,0.039041,2.844617,backbone_slow_yaw_front_to_rear,PARK,0,0,-5,0,0,0,results/beintelli_bus_model/colmap/moving_route_v4_aruco_anchor_backbone/images/moving_0211.jpg,[],0,False
moving_0212.jpg,3.100000,-0.117515,1.650000,0.000000,0.039445,2.860636,backbone_slow_yaw_front_to_rear,PARK,0,0,-5,0,0,0,results/beintelli_bus_model/colmap/moving_route_v4_aruco_anchor_backbone/images/moving_0212.jpg,[],0,False
moving_0213.jpg,3.150000,-0.124843,1.650000,0.000000,0.039740,2.876284,backbone_slow_yaw_front_to_rear,PARK,0,0,-5,0,0,0,results/beintelli_bus_model/colmap/moving_route_v4_aruco_anchor_backbone/images/moving_0213.jpg,[],0,False
moving_0214.jpg,3.200000,-0.131555,1.650000,0.000000,0.039925,2.891554,backbone_slow_yaw_front_to_rear,PARK,0,0,-5,0,0,0,results/beintelli_bus_model/colmap/moving_route_v4_aruco_anchor_backbone/images/moving_0214.jpg,[],0,False
moving_0215.jpg,3.250000,-0.137619,1.650000,0.000000,0.039998,2.906439,backbone_slow_yaw_front_to_rear,PARK,0,0,-5,0,0,0,results/beintelli_bus_model/colmap/moving_route_v4_aruco_anchor_backbone/images/moving_0215.jpg,[],0,False
moving_0216.jpg,3.300000,-0.143005,1.650000,0.000000,0.039962,2.920933,backbone_slow_yaw_front_to_rear,PARK,0,0,-5,0,0,0,results/beintelli_bus_model/colmap/moving_route_v4_aruco_anchor_backbone/images/moving_0216.jpg,[],0,False
moving_0217.jpg,3.350000,-0.147686,1.650000,0.000000,0.039814,2.935030,backbone_slow_yaw_front_to_rear,PARK,0,0,-5,0,0,0,results/beintelli_bus_model/colmap/moving_route_v4_aruco_anchor_backbone/images/moving_0217.jpg,[],0,False
moving_0218.jpg,3.400000,-0.151640,1.650000,0.000000,0.039556,2.948722,backbone_slow_yaw_front_to_rear,PARK,0,0,-5,0,0,0,results/beintelli_bus_model/colmap/moving_route_v4_aruco_anchor_backbone/images/moving_0218.jpg,[],0,False
moving_0219.jpg,3.450000,-0.154847,1.650000,0.000000,0.039188,2.962004,backbone_slow_yaw_front_to_rear,PARK,0,0,-5,0,0,0,results/beintelli_bus_model/colmap/moving_route_v4_aruco_anchor_backbone/images/moving_0219.jpg,[],0,False
moving_0220.jpg,3.500000,-0.157291,1.650000,0.000000,0.038712,2.974868,backbone_slow_yaw_front_to_rear,PARK,0,0,-5,0,0,0,results/beintelli_bus_model/colmap/moving_route_v4_aruco_anchor_backbone/images/moving_0220.jpg,[],0,False
moving_0221.jpg,3.550000,-0.158960,1.650000,0.000000,0.038128,2.987308,backbone_slow_yaw_front_to_rear,PARK,0,0,-5,0,0,0,results/beintelli_bus_model/colmap/moving_route_v4_aruco_anchor_backbone/images/moving_0221.jpg,[],0,False
moving_0222.jpg,3.600000,-0.159846,1.650000,0.000000,0.037439,2.999318,backbone_slow_yaw_front_to_rear,PARK,0,0,-5,0,0,0,results/beintelli_bus_model/colmap/moving_route_v4_aruco_anchor_backbone/images/moving_0222.jpg,[],0,False
moving_0223.jpg,3.650000,-0.159945,1.650000,0.000000,0.036646,3.010890,backbone_slow_yaw_front_to_rear,PARK,0,0,-5,0,0,0,results/beintelli_bus_model/colmap/moving_route_v4_aruco_anchor_backbone/images/moving_0223.jpg,[],0,False
moving_0224.jpg,3.700000,-0.159255,1.650000,0.000000,0.035751,3.022019,backbone_slow_yaw_front_to_rear,PARK,0,0,-5,0,0,0,results/beintelli_bus_model/colmap/moving_route_v4_aruco_anchor_backbone/images/moving_0224.jpg,[],0,False
moving_0225.jpg,3.750000,-0.157781,1.650000,0.000000,0.034757,3.032698,backbone_slow_yaw_front_to_rear,PARK,0,0,-5,0,0,0,results/beintelli_bus_model/colmap/moving_route_v4_aruco_anchor_backbone/images/moving_0225.jpg,[],0,False
moving_0226.jpg,3.800000,-0.155530,1.650000,0.000000,0.033667,3.042920,backbone_slow_yaw_front_to_rear,PARK,0,0,-5,0,0,0,results/beintelli_bus_model/colmap/moving_route_v4_aruco_anchor_backbone/images/moving_0226.jpg,[],0,False
moving_0227.jpg,3.850000,-0.152512,1.650000,0.000000,0.032484,3.052678,backbone_slow_yaw_front_to_rear,PARK,0,0,-5,0,0,0,results/beintelli_bus_model/colmap/moving_route_v4_aruco_anchor_backbone/images/moving_0227.jpg,[],0,False
moving_0228.jpg,3.900000,-0.148744,1.650000,0.000000,0.031211,3.061966,backbone_slow_yaw_front_to_rear,PARK,0,0,-5,0,0,0,results/beintelli_bus_model/colmap/moving_route_v4_aruco_anchor_backbone/images/moving_0228.jpg,[],0,False
moving_0229.jpg,3.950000,-0.144242,1.650000,0.000000,0.029851,3.070778,backbone_slow_yaw_front_to_rear,PARK,0,0,-5,0,0,0,results/beintelli_bus_model/colmap/moving_route_v4_aruco_anchor_backbone/images/moving_0229.jpg,[],0,False
moving_0230.jpg,4.000000,-0.139030,1.650000,0.000000,0.028408,3.079107,backbone_slow_yaw_front_to_rear,PARK,0,0,-5,0,0,0,results/beintelli_bus_model/colmap/moving_route_v4_aruco_anchor_backbone/images/moving_0230.jpg,[],0,False
moving_0231.jpg,4.050000,-0.133133,1.650000,0.000000,0.026887,3.086946,backbone_slow_yaw_front_to_rear,PARK,0,0,-5,0,0,0,results/beintelli_bus_model/colmap/moving_route_v4_aruco_anchor_backbone/images/moving_0231.jpg,[],0,False
moving_0232.jpg,4.100000,-0.126580,1.650000,0.000000,0.025291,3.094289,backbone_slow_yaw_front_to_rear,PARK,0,0,-5,0,0,0,results/beintelli_bus_model/colmap/moving_route_v4_aruco_anchor_backbone/images/moving_0232.jpg,[],0,False
moving_0233.jpg,4.150000,-0.119403,1.650000,0.000000,0.023625,3.101128,backbone_slow_yaw_front_to_rear,PARK,0,0,-5,0,0,0,results/beintelli_bus_model/colmap/moving_route_v4_aruco_anchor_backbone/images/moving_0233.jpg,[],0,False
moving_0234.jpg,4.200000,-0.111638,1.650000,0.000000,0.021893,3.107459,backbone_slow_yaw_front_to_rear,PARK,0,0,-5,0,0,0,results/beintelli_bus_model/colmap/moving_route_v4_aruco_anchor_backbone/images/moving_0234.jpg,[],0,False
moving_0235.jpg,4.250000,-0.103323,1.650000,0.000000,0.020101,3.113273,backbone_slow_yaw_front_to_rear,PARK,0,0,-5,0,0,0,results/beintelli_bus_model/colmap/moving_route_v4_aruco_anchor_backbone/images/moving_0235.jpg,[],0,False
moving_0236.jpg,4.300000,-0.094499,1.650000,0.000000,0.018253,3.118565,backbone_slow_yaw_front_to_rear,PARK,0,0,-5,0,0,0,results/beintelli_bus_model/colmap/moving_route_v4_aruco_anchor_backbone/images/moving_0236.jpg,[],0,False
moving_0237.jpg,4.350000,-0.085210,1.650000,0.000000,0.016355,3.123328,backbone_slow_yaw_front_to_rear,PARK,0,0,-5,0,0,0,results/beintelli_bus_model/colmap/moving_route_v4_aruco_anchor_backbone/images/moving_0237.jpg,[],0,False
moving_0238.jpg,4.400000,-0.075501,1.650000,0.000000,0.014411,3.127555,backbone_slow_yaw_front_to_rear,PARK,0,0,-5,0,0,0,results/beintelli_bus_model/colmap/moving_route_v4_aruco_anchor_backbone/images/moving_0238.jpg,[],0,False
moving_0239.jpg,4.450000,-0.065420,1.650000,0.000000,0.012427,3.131240,backbone_slow_yaw_front_to_rear,PARK,0,0,-5,0,0,0,results/beintelli_bus_model/colmap/moving_route_v4_aruco_anchor_backbone/images/moving_0239.jpg,[],0,False
moving_0240.jpg,4.500000,-0.055016,1.650000,0.000000,0.010409,3.134376,backbone_slow_yaw_front_to_rear,PARK,0,0,-5,0,0,0,results/beintelli_bus_model/colmap/moving_route_v4_aruco_anchor_backbone/images/moving_0240.jpg,[],0,False
moving_0241.jpg,4.550000,-0.044342,1.650000,0.000000,0.008362,3.136956,backbone_slow_yaw_front_to_rear,PARK,0,0,-5,0,0,0,results/beintelli_bus_model/colmap/moving_route_v4_aruco_anchor_backbone/images/moving_0241.jpg,[],0,False
moving_0242.jpg,4.600000,-0.033449,1.650000,0.000000,0.006292,3.138975,backbone_slow_yaw_front_to_rear,PARK,0,0,-5,0,0,0,results/beintelli_bus_model/colmap/moving_route_v4_aruco_anchor_backbone/images/moving_0242.jpg,[],0,False
moving_0243.jpg,4.650000,-0.022391,1.650000,0.000000,0.004204,3.140425,backbone_slow_yaw_front_to_rear,PARK,0,0,-5,0,0,0,results/beintelli_bus_model/colmap/moving_route_v4_aruco_anchor_backbone/images/moving_0243.jpg,[],0,False
moving_0244.jpg,4.700000,-0.011223,1.650000,0.000000,0.002105,3.141300,backbone_slow_yaw_front_to_rear,PARK,0,0,-5,0,0,0,results/beintelli_bus_model/colmap/moving_route_v4_aruco_anchor_backbone/images/moving_0244.jpg,[],0,False
moving_0245.jpg,4.750000,-0.000000,1.650000,0.000000,0.000000,3.141593,backbone_slow_yaw_front_to_rear,PARK,0,0,-5,0,0,0,results/beintelli_bus_model/colmap/moving_route_v4_aruco_anchor_backbone/images/moving_0245.jpg,[],0,False
moving_0246.jpg,3.800000,0.050000,1.650000,0.000000,0.000000,1.250000,anchor_R3_rear_right_seat_angled,R3_rear_right_seat_angled,4.27,0.93,1.55,0,0.3,1.57079633,results/beintelli_bus_model/colmap/moving_route_v4_aruco_anchor_backbone/images/moving_0246.jpg,[],0,False
moving_0247.jpg,3.821053,0.066459,1.650000,0.000000,0.000000,1.268421,anchor_R3_rear_right_seat_angled,R3_rear_right_seat_angled,4.27,0.93,1.55,0,0.3,1.57079633,results/beintelli_bus_model/colmap/moving_route_v4_aruco_anchor_backbone/images/moving_0247.jpg,[],0,False
moving_0248.jpg,3.842105,0.082470,1.650000,0.000000,0.000000,1.286842,anchor_R3_rear_right_seat_angled,R3_rear_right_seat_angled,4.27,0.93,1.55,0,0.3,1.57079633,results/beintelli_bus_model/colmap/moving_route_v4_aruco_anchor_backbone/images/moving_0248.jpg,"[0, 1, 2, 3, 4, 5]",6,True
moving_0249.jpg,3.863158,0.097595,1.650000,0.000000,0.000000,1.305263,anchor_R3_rear_right_seat_angled,R3_rear_right_seat_angled,4.27,0.93,1.55,0,0.3,1.57079633,results/beintelli_bus_model/colmap/moving_route_v4_aruco_anchor_backbone/images/moving_0249.jpg,"[0, 1, 2, 3, 4, 5]",6,True
moving_0250.jpg,3.884211,0.111421,1.650000,0.000000,0.000000,1.323684,anchor_R3_rear_right_seat_angled,R3_rear_right_seat_angled,4.27,0.93,1.55,0,0.3,1.57079633,results/beintelli_bus_model/colmap/moving_route_v4_aruco_anchor_backbone/images/moving_0250.jpg,"[0, 1, 2, 3, 4, 5]",6,True
moving_0251.jpg,3.905263,0.123572,1.650000,0.000000,0.000000,1.342105,anchor_R3_rear_right_seat_angled,R3_rear_right_seat_angled,4.27,0.93,1.55,0,0.3,1.57079633,results/beintelli_bus_model/colmap/moving_route_v4_aruco_anchor_backbone/images/moving_0251.jpg,"[0, 1, 2, 3, 4, 5]",6,True
moving_0252.jpg,3.926316,0.133717,1.650000,0.000000,0.000000,1.360526,anchor_R3_rear_right_seat_angled,R3_rear_right_seat_angled,4.27,0.93,1.55,0,0.3,1.57079633,results/beintelli_bus_model/colmap/moving_route_v4_aruco_anchor_backbone/images/moving_0252.jpg,"[0, 1, 2, 3, 4, 5]",6,True
moving_0253.jpg,3.947368,0.141577,1.650000,0.000000,0.000000,1.378947,anchor_R3_rear_right_seat_angled,R3_rear_right_seat_angled,4.27,0.93,1.55,0,0.3,1.57079633,results/beintelli_bus_model/colmap/moving_route_v4_aruco_anchor_backbone/images/moving_0253.jpg,"[0, 1, 2, 3, 4, 5]",6,True
moving_0254.jpg,3.968421,0.146940,1.650000,0.000000,0.000000,1.397368,anchor_R3_rear_right_seat_angled,R3_rear_right_seat_angled,4.27,0.93,1.55,0,0.3,1.57079633,results/beintelli_bus_model/colmap/moving_route_v4_aruco_anchor_backbone/images/moving_0254.jpg,"[0, 1, 2, 3, 4, 5]",6,True
moving_0255.jpg,3.989474,0.149658,1.650000,0.000000,0.000000,1.415789,anchor_R3_rear_right_seat_angled,R3_rear_right_seat_angled,4.27,0.93,1.55,0,0.3,1.57079633,results/beintelli_bus_model/colmap/moving_route_v4_aruco_anchor_backbone/images/moving_0255.jpg,"[0, 1, 2, 3, 4, 5]",6,True
moving_0256.jpg,4.010526,0.149658,1.650000,0.000000,0.000000,1.434211,anchor_R3_rear_right_seat_angled,R3_rear_right_seat_angled,4.27,0.93,1.55,0,0.3,1.57079633,results/beintelli_bus_model/colmap/moving_route_v4_aruco_anchor_backbone/images/moving_0256.jpg,"[0, 1, 2, 3, 4, 5]",6,True
moving_0257.jpg,4.031579,0.146940,1.650000,0.000000,0.000000,1.452632,anchor_R3_rear_right_seat_angled,R3_rear_right_seat_angled,4.27,0.93,1.55,0,0.3,1.57079633,results/beintelli_bus_model/colmap/moving_route_v4_aruco_anchor_backbone/images/moving_0257.jpg,"[0, 1, 2, 3, 4, 5]",6,True
moving_0258.jpg,4.052632,0.141577,1.650000,0.000000,0.000000,1.471053,anchor_R3_rear_right_seat_angled,R3_rear_right_seat_angled,4.27,0.93,1.55,0,0.3,1.57079633,results/beintelli_bus_model/colmap/moving_route_v4_aruco_anchor_backbone/images/moving_0258.jpg,"[0, 1, 2, 3, 4, 5]",6,True
moving_0259.jpg,4.073684,0.133717,1.650000,0.000000,0.000000,1.489474,anchor_R3_rear_right_seat_angled,R3_rear_right_seat_angled,4.27,0.93,1.55,0,0.3,1.57079633,results/beintelli_bus_model/colmap/moving_route_v4_aruco_anchor_backbone/images/moving_0259.jpg,"[0, 1, 2, 3, 4, 5]",6,True
moving_0260.jpg,4.094737,0.123572,1.650000,0.000000,0.000000,1.507895,anchor_R3_rear_right_seat_angled,R3_rear_right_seat_angled,4.27,0.93,1.55,0,0.3,1.57079633,results/beintelli_bus_model/colmap/moving_route_v4_aruco_anchor_backbone/images/moving_0260.jpg,"[0, 1, 2, 3, 4, 5]",6,True
moving_0261.jpg,4.115789,0.111421,1.650000,0.000000,0.000000,1.526316,anchor_R3_rear_right_seat_angled,R3_rear_right_seat_angled,4.27,0.93,1.55,0,0.3,1.57079633,results/beintelli_bus_model/colmap/moving_route_v4_aruco_anchor_backbone/images/moving_0261.jpg,"[0, 1, 2, 3, 4, 5]",6,True
moving_0262.jpg,4.136842,0.097595,1.650000,0.000000,0.000000,1.544737,anchor_R3_rear_right_seat_angled,R3_rear_right_seat_angled,4.27,0.93,1.55,0,0.3,1.57079633,results/beintelli_bus_model/colmap/moving_route_v4_aruco_anchor_backbone/images/moving_0262.jpg,"[0, 1, 2, 3, 4, 5]",6,True
moving_0263.jpg,4.157895,0.082470,1.650000,0.000000,0.000000,1.563158,anchor_R3_rear_right_seat_angled,R3_rear_right_seat_angled,4.27,0.93,1.55,0,0.3,1.57079633,results/beintelli_bus_model/colmap/moving_route_v4_aruco_anchor_backbone/images/moving_0263.jpg,"[0, 1, 2, 3, 4, 5]",6,True
moving_0264.jpg,4.178947,0.066459,1.650000,0.000000,0.000000,1.581579,anchor_R3_rear_right_seat_angled,R3_rear_right_seat_angled,4.27,0.93,1.55,0,0.3,1.57079633,results/beintelli_bus_model/colmap/moving_route_v4_aruco_anchor_backbone/images/moving_0264.jpg,"[0, 1, 2, 3, 4, 5]",6,True
moving_0265.jpg,4.200000,0.050000,1.650000,0.000000,0.000000,1.600000,anchor_R3_rear_right_seat_angled,R3_rear_right_seat_angled,4.27,0.93,1.55,0,0.3,1.57079633,results/beintelli_bus_model/colmap/moving_route_v4_aruco_anchor_backbone/images/moving_0265.jpg,"[0, 1, 2, 3, 4, 5]",6,True
moving_0266.jpg,4.200000,0.150000,1.650000,0.000000,0.000000,1.600000,transition_R3_to_rear,PARK,0,0,-5,0,0,0,results/beintelli_bus_model/colmap/moving_route_v4_aruco_anchor_backbone/images/moving_0266.jpg,"[0, 1, 2, 3, 4, 5]",6,True
moving_0267.jpg,4.218182,0.136364,1.650000,0.000000,0.000000,1.740145,transition_R3_to_rear,PARK,0,0,-5,0,0,0,results/beintelli_bus_model/colmap/moving_route_v4_aruco_anchor_backbone/images/moving_0267.jpg,[],0,False
moving_0268.jpg,4.236364,0.122727,1.650000,0.000000,0.000000,1.880290,transition_R3_to_rear,PARK,0,0,-5,0,0,0,results/beintelli_bus_model/colmap/moving_route_v4_aruco_anchor_backbone/images/moving_0268.jpg,[],0,False
moving_0269.jpg,4.254545,0.109091,1.650000,0.000000,0.000000,2.020434,transition_R3_to_rear,PARK,0,0,-5,0,0,0,results/beintelli_bus_model/colmap/moving_route_v4_aruco_anchor_backbone/images/moving_0269.jpg,[],0,False
moving_0270.jpg,4.272727,0.095455,1.650000,0.000000,0.000000,2.160579,transition_R3_to_rear,PARK,0,0,-5,0,0,0,results/beintelli_bus_model/colmap/moving_route_v4_aruco_anchor_backbone/images/moving_0270.jpg,[],0,False
moving_0271.jpg,4.290909,0.081818,1.650000,0.000000,0.000000,2.300724,transition_R3_to_rear,PARK,0,0,-5,0,0,0,results/beintelli_bus_model/colmap/moving_route_v4_aruco_anchor_backbone/images/moving_0271.jpg,[],0,False
moving_0272.jpg,4.309091,0.068182,1.650000,0.000000,0.000000,2.440869,transition_R3_to_rear,PARK,0,0,-5,0,0,0,results/beintelli_bus_model/colmap/moving_route_v4_aruco_anchor_backbone/images/moving_0272.jpg,[],0,False
moving_0273.jpg,4.327273,0.054545,1.650000,0.000000,0.000000,2.581014,transition_R3_to_rear,PARK,0,0,-5,0,0,0,results/beintelli_bus_model/colmap/moving_route_v4_aruco_anchor_backbone/images/moving_0273.jpg,[],0,False
moving_0274.jpg,4.345455,0.040909,1.650000,0.000000,0.000000,2.721158,transition_R3_to_rear,PARK,0,0,-5,0,0,0,results/beintelli_bus_model/colmap/moving_route_v4_aruco_anchor_backbone/images/moving_0274.jpg,[],0,False
moving_0275.jpg,4.363636,0.027273,1.650000,0.000000,0.000000,2.861303,transition_R3_to_rear,PARK,0,0,-5,0,0,0,results/beintelli_bus_model/colmap/moving_route_v4_aruco_anchor_backbone/images/moving_0275.jpg,[],0,False
moving_0276.jpg,4.381818,0.013636,1.650000,0.000000,0.000000,3.001448,transition_R3_to_rear,PARK,0,0,-5,0,0,0,results/beintelli_bus_model/colmap/moving_route_v4_aruco_anchor_backbone/images/moving_0276.jpg,[],0,False
moving_0277.jpg,4.400000,0.000000,1.650000,0.000000,0.000000,3.141593,transition_R3_to_rear,PARK,0,0,-5,0,0,0,results/beintelli_bus_model/colmap/moving_route_v4_aruco_anchor_backbone/images/moving_0277.jpg,[],0,False
moving_0278.jpg,4.000000,-0.050000,1.950000,0.000000,0.350000,2.991593,anchor_R2_rear_table_flat,R2_rear_table_flat,4.83,-0.09,1.52,1.57079633,1.57079633,3.14159265,results/beintelli_bus_model/colmap/moving_route_v4_aruco_anchor_backbone/images/moving_0278.jpg,[],0,False
moving_0279.jpg,4.020588,-0.031625,1.950000,0.000000,0.405125,2.997475,anchor_R2_rear_table_flat,R2_rear_table_flat,4.83,-0.09,1.52,1.57079633,1.57079633,3.14159265,results/beintelli_bus_model/colmap/moving_route_v4_aruco_anchor_backbone/images/moving_0279.jpg,[],0,False
moving_0280.jpg,4.041176,-0.013876,1.950000,0.000000,0.458372,3.003357,anchor_R2_rear_table_flat,R2_rear_table_flat,4.83,-0.09,1.52,1.57079633,1.57079633,3.14159265,results/beintelli_bus_model/colmap/moving_route_v4_aruco_anchor_backbone/images/moving_0280.jpg,[],0,False
moving_0281.jpg,4.061765,0.002643,1.950000,0.000000,0.507930,3.009240,anchor_R2_rear_table_flat,R2_rear_table_flat,4.83,-0.09,1.52,1.57079633,1.57079633,3.14159265,results/beintelli_bus_model/colmap/moving_route_v4_aruco_anchor_backbone/images/moving_0281.jpg,[],0,False
moving_0282.jpg,4.082353,0.017370,1.950000,0.000000,0.552109,3.015122,anchor_R2_rear_table_flat,R2_rear_table_flat,4.83,-0.09,1.52,1.57079633,1.57079633,3.14159265,results/beintelli_bus_model/colmap/moving_route_v4_aruco_anchor_backbone/images/moving_0282.jpg,[],0,False
moving_0283.jpg,4.102941,0.029802,1.950000,0.000000,0.589405,3.021004,anchor_R2_rear_table_flat,R2_rear_table_flat,4.83,-0.09,1.52,1.57079633,1.57079633,3.14159265,results/beintelli_bus_model/colmap/moving_route_v4_aruco_anchor_backbone/images/moving_0283.jpg,[],0,False
moving_0284.jpg,4.123529,0.039516,1.950000,0.000000,0.618549,3.026887,anchor_R2_rear_table_flat,R2_rear_table_flat,4.83,-0.09,1.52,1.57079633,1.57079633,3.14159265,results/beintelli_bus_model/colmap/moving_route_v4_aruco_anchor_backbone/images/moving_0284.jpg,[],0,False
moving_0285.jpg,4.144118,0.046183,1.950000,0.000000,0.638548,3.032769,anchor_R2_rear_table_flat,R2_rear_table_flat,4.83,-0.09,1.52,1.57079633,1.57079633,3.14159265,results/beintelli_bus_model/colmap/moving_route_v4_aruco_anchor_backbone/images/moving_0285.jpg,[],0,False
moving_0286.jpg,4.164706,0.049573,1.950000,0.000000,0.648720,3.038651,anchor_R2_rear_table_flat,R2_rear_table_flat,4.83,-0.09,1.52,1.57079633,1.57079633,3.14159265,results/beintelli_bus_model/colmap/moving_route_v4_aruco_anchor_backbone/images/moving_0286.jpg,[],0,False
moving_0287.jpg,4.185294,0.049573,1.950000,0.000000,0.648720,3.044534,anchor_R2_rear_table_flat,R2_rear_table_flat,4.83,-0.09,1.52,1.57079633,1.57079633,3.14159265,results/beintelli_bus_model/colmap/moving_route_v4_aruco_anchor_backbone/images/moving_0287.jpg,[],0,False
moving_0288.jpg,4.205882,0.046183,1.950000,0.000000,0.638548,3.050416,anchor_R2_rear_table_flat,R2_rear_table_flat,4.83,-0.09,1.52,1.57079633,1.57079633,3.14159265,results/beintelli_bus_model/colmap/moving_route_v4_aruco_anchor_backbone/images/moving_0288.jpg,[],0,False
moving_0289.jpg,4.226471,0.039516,1.950000,0.000000,0.618549,3.056299,anchor_R2_rear_table_flat,R2_rear_table_flat,4.83,-0.09,1.52,1.57079633,1.57079633,3.14159265,results/beintelli_bus_model/colmap/moving_route_v4_aruco_anchor_backbone/images/moving_0289.jpg,[],0,False
moving_0290.jpg,4.247059,0.029802,1.950000,0.000000,0.589405,3.062181,anchor_R2_rear_table_flat,R2_rear_table_flat,4.83,-0.09,1.52,1.57079633,1.57079633,3.14159265,results/beintelli_bus_model/colmap/moving_route_v4_aruco_anchor_backbone/images/moving_0290.jpg,[],0,False
moving_0291.jpg,4.267647,0.017370,1.950000,0.000000,0.552109,3.068063,anchor_R2_rear_table_flat,R2_rear_table_flat,4.83,-0.09,1.52,1.57079633,1.57079633,3.14159265,results/beintelli_bus_model/colmap/moving_route_v4_aruco_anchor_backbone/images/moving_0291.jpg,[],0,False
moving_0292.jpg,4.288235,0.002643,1.950000,0.000000,0.507930,3.073946,anchor_R2_rear_table_flat,R2_rear_table_flat,4.83,-0.09,1.52,1.57079633,1.57079633,3.14159265,results/beintelli_bus_model/colmap/moving_route_v4_aruco_anchor_backbone/images/moving_0292.jpg,[],0,False
moving_0293.jpg,4.308824,-0.013876,1.950000,0.000000,0.458372,3.079828,anchor_R2_rear_table_flat,R2_rear_table_flat,4.83,-0.09,1.52,1.57079633,1.57079633,3.14159265,results/beintelli_bus_model/colmap/moving_route_v4_aruco_anchor_backbone/images/moving_0293.jpg,[],0,False
moving_0294.jpg,4.329412,-0.031625,1.950000,0.000000,0.405125,3.085710,anchor_R2_rear_table_flat,R2_rear_table_flat,4.83,-0.09,1.52,1.57079633,1.57079633,3.14159265,results/beintelli_bus_model/colmap/moving_route_v4_aruco_anchor_backbone/images/moving_0294.jpg,[],0,False
moving_0295.jpg,4.350000,-0.050000,1.950000,0.000000,0.350000,3.091593,anchor_R2_rear_table_flat,R2_rear_table_flat,4.83,-0.09,1.52,1.57079633,1.57079633,3.14159265,results/beintelli_bus_model/colmap/moving_route_v4_aruco_anchor_backbone/images/moving_0295.jpg,[],0,False
moving_0296.jpg,4.250000,0.000000,1.950000,0.000000,0.500000,3.141593,transition_R2_to_R1,PARK,0,0,-5,0,0,0,results/beintelli_bus_model/colmap/moving_route_v4_aruco_anchor_backbone/images/moving_0296.jpg,[],0,False
moving_0297.jpg,4.227778,0.000000,1.916667,0.000000,0.444444,3.141593,transition_R2_to_R1,PARK,0,0,-5,0,0,0,results/beintelli_bus_model/colmap/moving_route_v4_aruco_anchor_backbone/images/moving_0297.jpg,[],0,False
moving_0298.jpg,4.205556,0.000000,1.883333,0.000000,0.388889,3.141593,transition_R2_to_R1,PARK,0,0,-5,0,0,0,results/beintelli_bus_model/colmap/moving_route_v4_aruco_anchor_backbone/images/moving_0298.jpg,[],0,False
moving_0299.jpg,4.183333,0.000000,1.850000,0.000000,0.333333,3.141593,transition_R2_to_R1,PARK,0,0,-5,0,0,0,results/beintelli_bus_model/colmap/moving_route_v4_aruco_anchor_backbone/images/moving_0299.jpg,[],0,False
moving_0300.jpg,4.161111,0.000000,1.816667,0.000000,0.277778,3.141593,transition_R2_to_R1,PARK,0,0,-5,0,0,0,results/beintelli_bus_model/colmap/moving_route_v4_aruco_anchor_backbone/images/moving_0300.jpg,[],0,False
moving_0301.jpg,4.138889,0.000000,1.783333,0.000000,0.222222,3.141593,transition_R2_to_R1,PARK,0,0,-5,0,0,0,results/beintelli_bus_model/colmap/moving_route_v4_aruco_anchor_backbone/images/moving_0301.jpg,[],0,False
moving_0302.jpg,4.116667,0.000000,1.750000,0.000000,0.166667,3.141593,transition_R2_to_R1,PARK,0,0,-5,0,0,0,results/beintelli_bus_model/colmap/moving_route_v4_aruco_anchor_backbone/images/moving_0302.jpg,[],0,False
moving_0303.jpg,4.094444,0.000000,1.716667,0.000000,0.111111,3.141593,transition_R2_to_R1,PARK,0,0,-5,0,0,0,results/beintelli_bus_model/colmap/moving_route_v4_aruco_anchor_backbone/images/moving_0303.jpg,[],0,False
moving_0304.jpg,4.072222,0.000000,1.683333,0.000000,0.055556,3.141593,transition_R2_to_R1,PARK,0,0,-5,0,0,0,results/beintelli_bus_model/colmap/moving_route_v4_aruco_anchor_backbone/images/moving_0304.jpg,[],0,False
moving_0305.jpg,4.050000,0.000000,1.650000,0.000000,0.000000,3.141593,transition_R2_to_R1,PARK,0,0,-5,0,0,0,results/beintelli_bus_model/colmap/moving_route_v4_aruco_anchor_backbone/images/moving_0305.jpg,[],0,False
moving_0306.jpg,4.250000,0.000000,1.650000,0.000000,0.000000,3.141593,anchor_R1_rear_left_seat_leaned,R1_rear_left_seat_leaned,3.02,-0.75,1.55,0,0.3,3.14159265,results/beintelli_bus_model/colmap/moving_route_v4_aruco_anchor_backbone/images/moving_0306.jpg,[],0,False
moving_0307.jpg,4.235714,0.014738,1.650000,0.000000,0.000000,3.171068,anchor_R1_rear_left_seat_leaned,R1_rear_left_seat_leaned,3.02,-0.75,1.55,0,0.3,3.14159265,results/beintelli_bus_model/colmap/moving_route_v4_aruco_anchor_backbone/images/moving_0307.jpg,"[1, 2, 4, 5]",4,False
moving_0308.jpg,4.221429,0.028166,1.650000,0.000000,0.000000,3.197925,anchor_R1_rear_left_seat_leaned,R1_rear_left_seat_leaned,3.02,-0.75,1.55,0,0.3,3.14159265,results/beintelli_bus_model/colmap/moving_route_v4_aruco_anchor_backbone/images/moving_0308.jpg,"[0, 1, 2, 3, 4, 5]",6,True
moving_0309.jpg,4.207143,0.039092,1.650000,0.000000,0.000000,3.219776,anchor_R1_rear_left_seat_leaned,R1_rear_left_seat_leaned,3.02,-0.75,1.55,0,0.3,3.14159265,results/beintelli_bus_model/colmap/moving_route_v4_aruco_anchor_backbone/images/moving_0309.jpg,"[0, 1, 2, 3, 4, 5]",6,True
moving_0310.jpg,4.192857,0.046544,1.650000,0.000000,0.000000,3.234680,anchor_R1_rear_left_seat_leaned,R1_rear_left_seat_leaned,3.02,-0.75,1.55,0,0.3,3.14159265,results/beintelli_bus_model/colmap/moving_route_v4_aruco_anchor_backbone/images/moving_0310.jpg,"[0, 1, 2, 3, 4, 5]",6,True
moving_0311.jpg,4.178571,0.049860,1.650000,0.000000,0.000000,3.241313,anchor_R1_rear_left_seat_leaned,R1_rear_left_seat_leaned,3.02,-0.75,1.55,0,0.3,3.14159265,results/beintelli_bus_model/colmap/moving_route_v4_aruco_anchor_backbone/images/moving_0311.jpg,"[0, 1, 2, 3, 4, 5]",6,True
moving_0312.jpg,4.164286,0.048746,1.650000,0.000000,0.000000,3.239085,anchor_R1_rear_left_seat_leaned,R1_rear_left_seat_leaned,3.02,-0.75,1.55,0,0.3,3.14159265,results/beintelli_bus_model/colmap/moving_route_v4_aruco_anchor_backbone/images/moving_0312.jpg,"[0, 1, 2, 3, 4, 5]",6,True
moving_0313.jpg,4.150000,0.043301,1.650000,0.000000,0.000000,3.228195,anchor_R1_rear_left_seat_leaned,R1_rear_left_seat_leaned,3.02,-0.75,1.55,0,0.3,3.14159265,results/beintelli_bus_model/colmap/moving_route_v4_aruco_anchor_backbone/images/moving_0313.jpg,"[0, 1, 2, 3, 4, 5]",6,True
moving_0314.jpg,4.135714,0.034009,1.650000,0.000000,0.000000,3.209610,anchor_R1_rear_left_seat_leaned,R1_rear_left_seat_leaned,3.02,-0.75,1.55,0,0.3,3.14159265,results/beintelli_bus_model/colmap/moving_route_v4_aruco_anchor_backbone/images/moving_0314.jpg,"[0, 1, 2, 3, 4, 5]",6,True
moving_0315.jpg,4.121429,0.021694,1.650000,0.000000,0.000000,3.184981,anchor_R1_rear_left_seat_leaned,R1_rear_left_seat_leaned,3.02,-0.75,1.55,0,0.3,3.14159265,results/beintelli_bus_model/colmap/moving_route_v4_aruco_anchor_backbone/images/moving_0315.jpg,"[1, 2, 3, 4, 5]",5,False
moving_0316.jpg,4.107143,0.007452,1.650000,0.000000,0.000000,3.156497,anchor_R1_rear_left_seat_leaned,R1_rear_left_seat_leaned,3.02,-0.75,1.55,0,0.3,3.14159265,results/beintelli_bus_model/colmap/moving_route_v4_aruco_anchor_backbone/images/moving_0316.jpg,"[1, 2, 3, 4, 5]",5,False
moving_0317.jpg,4.092857,-0.007452,1.650000,0.000000,0.000000,3.126688,anchor_R1_rear_left_seat_leaned,R1_rear_left_seat_leaned,3.02,-0.75,1.55,0,0.3,3.14159265,results/beintelli_bus_model/colmap/moving_route_v4_aruco_anchor_backbone/images/moving_0317.jpg,"[0, 1, 2, 3, 4, 5]",6,True
moving_0318.jpg,4.078571,-0.021694,1.650000,0.000000,0.000000,3.098204,anchor_R1_rear_left_seat_leaned,R1_rear_left_seat_leaned,3.02,-0.75,1.55,0,0.3,3.14159265,results/beintelli_bus_model/colmap/moving_route_v4_aruco_anchor_backbone/images/moving_0318.jpg,"[0, 1, 2, 4, 5]",5,False
moving_0319.jpg,4.064286,-0.034009,1.650000,0.000000,0.000000,3.073575,anchor_R1_rear_left_seat_leaned,R1_rear_left_seat_leaned,3.02,-0.75,1.55,0,0.3,3.14159265,results/beintelli_bus_model/colmap/moving_route_v4_aruco_anchor_backbone/images/moving_0319.jpg,"[1, 2, 4, 5]",4,False
moving_0320.jpg,4.050000,-0.043301,1.650000,0.000000,0.000000,3.054990,anchor_R1_rear_left_seat_leaned,R1_rear_left_seat_leaned,3.02,-0.75,1.55,0,0.3,3.14159265,results/beintelli_bus_model/colmap/moving_route_v4_aruco_anchor_backbone/images/moving_0320.jpg,"[1, 2, 4, 5]",4,False
moving_0321.jpg,4.035714,-0.048746,1.650000,0.000000,0.000000,3.044100,anchor_R1_rear_left_seat_leaned,R1_rear_left_seat_leaned,3.02,-0.75,1.55,0,0.3,3.14159265,results/beintelli_bus_model/colmap/moving_route_v4_aruco_anchor_backbone/images/moving_0321.jpg,"[1, 2, 4, 5]",4,False
moving_0322.jpg,4.021429,-0.049860,1.650000,0.000000,0.000000,3.041872,anchor_R1_rear_left_seat_leaned,R1_rear_left_seat_leaned,3.02,-0.75,1.55,0,0.3,3.14159265,results/beintelli_bus_model/colmap/moving_route_v4_aruco_anchor_backbone/images/moving_0322.jpg,"[1, 2, 4, 5]",4,False
moving_0323.jpg,4.007143,-0.046544,1.650000,0.000000,0.000000,3.048505,anchor_R1_rear_left_seat_leaned,R1_rear_left_seat_leaned,3.02,-0.75,1.55,0,0.3,3.14159265,results/beintelli_bus_model/colmap/moving_route_v4_aruco_anchor_backbone/images/moving_0323.jpg,"[1, 2, 5]",3,False
moving_0324.jpg,3.992857,-0.039092,1.650000,0.000000,0.000000,3.063410,anchor_R1_rear_left_seat_leaned,R1_rear_left_seat_leaned,3.02,-0.75,1.55,0,0.3,3.14159265,results/beintelli_bus_model/colmap/moving_route_v4_aruco_anchor_backbone/images/moving_0324.jpg,"[1, 2, 5]",3,False
moving_0325.jpg,3.978571,-0.028166,1.650000,0.000000,0.000000,3.085261,anchor_R1_rear_left_seat_leaned,R1_rear_left_seat_leaned,3.02,-0.75,1.55,0,0.3,3.14159265,results/beintelli_bus_model/colmap/moving_route_v4_aruco_anchor_backbone/images/moving_0325.jpg,"[1, 2, 5]",3,False
moving_0326.jpg,3.964286,-0.014738,1.650000,0.000000,0.000000,3.112117,anchor_R1_rear_left_seat_leaned,R1_rear_left_seat_leaned,3.02,-0.75,1.55,0,0.3,3.14159265,results/beintelli_bus_model/colmap/moving_route_v4_aruco_anchor_backbone/images/moving_0326.jpg,"[1, 2, 5]",3,False
moving_0327.jpg,3.950000,-0.000000,1.650000,0.000000,0.000000,3.141593,anchor_R1_rear_left_seat_leaned,R1_rear_left_seat_leaned,3.02,-0.75,1.55,0,0.3,3.14159265,results/beintelli_bus_model/colmap/moving_route_v4_aruco_anchor_backbone/images/moving_0327.jpg,"[1, 2, 5]",3,False
