approach,evaluation,entity_type,entity_id,marker_id,used_for_alignment,alignment_frame,translation_error_cm,rotation_error_deg,delta_x_cm,delta_y_cm,delta_z_cm,est_local_x_m,est_local_y_m,est_local_z_m,est_local_roll_deg,est_local_pitch_deg,est_local_yaw_deg,est_local_rvec_x,est_local_rvec_y,est_local_rvec_z,est_gt_aligned_x_m,est_gt_aligned_y_m,est_gt_aligned_z_m,est_gt_aligned_roll_deg,est_gt_aligned_pitch_deg,est_gt_aligned_yaw_deg,est_gt_aligned_rvec_x,est_gt_aligned_rvec_y,est_gt_aligned_rvec_z,gt_world_x_m,gt_world_y_m,gt_world_z_m,gt_world_roll_deg,gt_world_pitch_deg,gt_world_yaw_deg,gt_world_rvec_x,gt_world_rvec_y,gt_world_rvec_z
AP02_ref_marker_graph_ba,ref14_anchored_available_map,static_camera,cam_edge_0,,no,GT_world_from_est_local_using_ref14_pose_only,4.63370255039466,1.0008325167519991,-2.2711314739848887,1.249147948579643,3.8409361561953403,0.5650966152601511,-1.7220637873274127,2.125737656042561,-113.59441337920829,-1.6672978575198811,-1.3380053650644923,-1.9826713069296222,0.004270090310624669,-0.04399625858502874,0.5650966152601511,-1.2220637805142036,2.5257376615619536,-113.59441356287488,-1.667297861807937,-1.3380053597205788,-1.9826713101341658,0.004270090242543257,-0.04399625861685604,0.58780793,-1.23455526,2.4873283,-112.76486179960601,-1.4967437177574447,-0.8270999103481541,-1.9681387137868624,-0.0028859165404719407,-0.03515086081927826
AP02_ref_marker_graph_ba,ref14_anchored_available_map,static_camera,cam_edge_1,,no,GT_world_from_est_local_using_ref14_pose_only,2.911793465922877,0.1454246236974109,-2.6254827153683546,1.2217382722615855,0.30452798489539745,-4.000422147153683,0.48730387588104057,2.1345879614108134,-106.29104993605561,0.6799687706812784,-114.64843412572144,-1.1232315051425814,1.7685009183048124,-1.3151492218588547,-4.000422147153683,0.9873038827226158,2.534587959848954,-106.29104985946375,0.6799686037748403,-114.64843412481248,-1.1232315068952972,1.7685009167911947,-1.3151492251346808,-3.97416732,0.9750865,2.53154268,-106.36411375666104,0.7680855225263834,-114.55965647612422,-1.1237817096415734,1.7685660170005004,-1.312074204858069
AP02_ref_marker_graph_ba,ref14_anchored_available_map,static_camera,cam_edge_3,,no,GT_world_from_est_local_using_ref14_pose_only,2.124569874709471,0.27051265085984666,-1.9898425887912463,0.728448668101267,0.1539030938508379,-3.2472542558879125,-1.5559297799078786,2.055749925951593,-109.40409374156253,1.741758495273994,-60.04893241273044,-1.6933594815030937,1.003088648381153,-0.6712878538286801,-3.2472542558879125,-1.0559297733189874,2.4557499309385085,-109.40409383328851,1.741758336159682,-60.04893241551842,-1.6933594842878124,1.0030886477955314,-0.6712878557642012,-3.22735583,-1.06321426,2.4542109,-109.39044886225861,1.9674295291124646,-59.89995245682555,-1.692187338487859,1.002617043578016,-0.6660823965823887
AP02_ref_marker_graph_ba,ref14_anchored_available_map,static_camera,cam_edge_5,,no,GT_world_from_est_local_using_ref14_pose_only,2.6938697823046756,0.21936034294291426,1.9107788961265193,-0.5279393288484147,1.824044538707037,5.877966658961265,0.34314013979810126,2.1570020164868704,-109.37586981999964,4.212974120732097,113.73669096344685,-1.2361354976057608,-1.7902667761666438,1.3338056278698645,5.877966658961265,0.8431401467115158,2.5570020153870705,-109.37586974587843,4.212974288836066,113.73669096889209,-1.2361354993084015,-1.7902667746962662,1.333805631235882,5.85885887,0.84841954,2.53876157,-109.27065188151681,4.073179111337627,113.87681919175743,-1.2313021612026054,-1.7910646821584102,1.3345656694891888
AP02_ref_marker_graph_ba,ref14_anchored_available_map,aruco_marker,marker_000,0,no,GT_world_from_est_local_using_ref14_pose_only,1.4625366323291014,2.1825477964986644,-1.2330917313037926,0.6252456520367544,-0.4770388429718331,-2.5623309173130377,-0.013747545964323565,0.7752296115262193,64.9369591542301,0.2349603350516728,89.66623239772811,0.8800633927913674,0.8806087438405248,1.3776768402140829,-2.5623309173130377,0.4862524565203675,1.1752296115702816,64.93695915316034,0.23496051868745776,89.66623239772373,0.8800633903450462,0.8806087458283655,1.3776768384587466,-2.55,0.48,1.18,67.08168819476708,-0.0,90.0000001836389,0.9097065061172429,0.9097065090329464,1.3722901284472226
AP02_ref_marker_graph_ba,ref14_anchored_available_map,aruco_marker,marker_001,1,no,GT_world_from_est_local_using_ref14_pose_only,2.052418800374149,0.5926169075920611,-1.8866980799342237,0.23371451094768014,0.7734150339075985,-2.2688669807993422,-1.0226628588575892,1.2377341470613354,0.5368946976219584,-0.19706116827025075,-90.15618727440405,0.004646377872336461,-0.010070945081427076,-1.5734919473602196,-2.2688669807993422,-0.5226628548905232,1.6377341503390759,0.5368946981225572,-0.1970613519084693,-90.15618727440578,0.0046463753575521705,-0.010070947603016267,-1.573491947342042,-2.25,-0.525,1.63,-1.8363890085664206e-07,-0.0,-90.0000001836389,-2.5172823638819805e-09,2.517282371950131e-09,-1.57079633
AP02_ref_marker_graph_ba,ref14_anchored_available_map,aruco_marker,marker_002,2,no,GT_world_from_est_local_using_ref14_pose_only,1.7727947052403183,0.6660857495970174,-1.707822743726739,-0.1301725194077341,0.4573813049622233,-1.1170782274372675,-1.0263017274523094,0.7045738097602191,67.35610431454988,0.27459187979610766,-89.45807823799188,0.9202197039109583,-0.9050238644890783,-1.3652984277476738,-1.1170782274372675,-0.5263017251940774,1.1045738130496223,67.35610431281297,0.2745916961654209,-89.45807823800021,0.9202197014685392,-0.9050238664403069,-1.3652984259401963,-1.1,-0.525,1.1,67.08168819476708,-0.0,-90.0000001836389,0.9097065061172429,-0.9097065090329464,-1.3722901284472226
AP02_ref_marker_graph_ba,ref14_anchored_available_map,aruco_marker,marker_003,3,no,GT_world_from_est_local_using_ref14_pose_only,0.30672070040893507,0.27874263015690975,0.050428696944782025,-0.06367299420475536,-0.2957706618189171,0.10050428696944783,0.7093632687853908,0.39704229565539345,89.78041214178006,-0.16124211341213862,-0.05867966325102285,1.5669610784516301,-0.003015749857538389,0.00139939250406568,0.10050428696944783,1.2093632700579524,0.7970422933818109,89.78041195814053,-0.16124211360021298,-0.0586796627342241,1.5669610752465297,-0.0030157498539787617,0.001399392508287437,0.1,1.21,0.8,90.0,-0.0,0.0,1.5707963267948966,0.0,0.0
AP02_ref_marker_graph_ba,ref14_anchored_available_map,aruco_marker,marker_004,4,no,GT_world_from_est_local_using_ref14_pose_only,0.359683692605231,0.3331653215014752,0.03126600741016894,-0.000896182520215838,0.3583210744062537,0.7003126600741016,0.7099910330351477,1.6035832130196572,89.99220535711257,-0.13712020440687747,0.30354921907871246,1.5706618020243623,0.0022809234882108964,0.006040641440269658,0.7003126600741016,1.2099910381747978,2.0035832107440625,89.99220517347571,-0.13712020343397535,0.3035492195181916,1.5706617988192704,0.0022809234968926575,0.0060406414339695255,0.7,1.21,2.0,90.0,-0.0,0.0,1.5707963267948966,0.0,0.0
AP02_ref_marker_graph_ba,ref14_anchored_available_map,aruco_marker,marker_005,5,no,GT_world_from_est_local_using_ref14_pose_only,1.45993284192949,0.6201503109596724,1.015140565962458,-0.8427342828756679,0.6250539678682054,1.9101514056596245,-1.4884273450923626,0.7062505349081185,66.90138263824734,-0.22933693802389235,-90.54688846862047,0.900971056272069,-0.9151403848239361,-1.3792622511481258,1.9101514056596245,-0.9884273428287567,1.1062505396786821,66.90138264000016,-0.22933712165442788,-90.54688846862749,0.9009710538460937,-0.9151403867998082,-1.379262249328187,1.9,-0.98,1.1,67.08168819476708,-0.0,-90.0000001836389,0.9097065061172429,-0.9097065090329464,-1.3722901284472226
AP02_ref_marker_graph_ba,ref14_anchored_available_map,aruco_marker,marker_006,6,no,GT_world_from_est_local_using_ref14_pose_only,0.9172031796169772,0.2726778827177961,0.7766617282087385,0.05929652572662647,0.4842955241090685,1.9777666172820874,0.0005929621327936894,0.9748429552429911,67.03710551116097,0.060815855442270084,-89.73797980863553,0.9114895030504372,-0.9058777790724732,-1.3692547447378667,1.9777666172820874,0.5005929652572663,1.3748429552410908,67.03710551032117,0.06081567180528947,-89.73797980863642,0.9114895006114809,-0.9058777810320826,-1.3692547429314081,1.97,0.5,1.37,67.08168819476708,-0.0,-90.0000001836389,0.9097065061172429,-0.9097065090329464,-1.3722901284472226
AP02_ref_marker_graph_ba,ref14_anchored_available_map,aruco_marker,marker_007,7,no,GT_world_from_est_local_using_ref14_pose_only,0.8869359601059563,0.23071078212665452,0.7569752773906924,0.21851933965120196,0.4072997973812331,1.977569752773907,0.4371851902745074,0.9740729993750361,67.13937109805063,0.03220314639833983,-89.77893392768836,0.9122241408249929,-0.9079419580344528,-1.3689704754917718,1.977569752773907,0.9371851933965121,1.3740729979738124,67.13937109734209,0.03220296276080586,-89.77893392768875,0.9122241383869412,-0.9079419599928634,-1.3689704736817643,1.97,0.935,1.37,67.08168819476708,-0.0,-90.0000001836389,0.9097065061172429,-0.9097065090329464,-1.3722901284472226
AP02_ref_marker_graph_ba,ref14_anchored_available_map,aruco_marker,marker_008,8,no,GT_world_from_est_local_using_ref14_pose_only,1.7927172622714593,0.7953957545911557,1.5045984246749633,-0.5861686170274383,0.7787330192844832,2.6650459842467495,-1.030861689432388,1.0177873268888264,66.86055494687598,-0.4171486457749843,-90.63930809012152,0.8973639280572163,-0.9174978482915596,-1.3790365721189852,2.6650459842467495,-0.5308616861702744,1.4177873301928448,66.86055494892504,-0.4171488294024535,-90.63930809013645,0.8973639256322519,-0.9174978502674196,-1.3790365702967595,2.65,-0.525,1.41,67.08168819476708,-0.0,-90.0000001836389,0.9097065061172429,-0.9097065090329464,-1.3722901284472226
AP02_ref_marker_graph_ba,ref14_anchored_available_map,aruco_marker,marker_009,9,no,GT_world_from_est_local_using_ref14_pose_only,2.340753146316256,1.251823288081299,1.9832198135190104,-0.23955386861944095,1.2200731155486366,3.03983219813519,-0.02239554199450458,1.032200731083706,65.85472299770935,0.18267917568542766,90.16612863189631,0.8900215478948298,0.8970113594726984,1.3803037870370973,3.03983219813519,0.4776044613138056,1.4322007311554863,65.85472299824181,0.18267935932355656,90.166128631898,0.8900215454596161,0.8970113614578878,1.380303785250566,3.02,0.48,1.42,67.08168819476708,-0.0,90.0000001836389,0.9097065061172429,0.9097065090329464,1.3722901284472226
AP02_ref_marker_graph_ba,ref14_anchored_available_map,aruco_marker,marker_010,10,no,GT_world_from_est_local_using_ref14_pose_only,2.4793280583438024,0.3370373081824999,1.881319831943129,-0.46231361157755835,1.5472457579125631,3.0388131983194313,-1.484623139434572,1.0354724528207548,66.88935559336612,0.21009564565189306,90.17982050701175,0.9032873781019662,0.911171353829708,1.3740544421627732,3.0388131983194313,-0.9846231361157756,1.4354724575791256,66.88935559394247,0.2100958292898895,90.17982050701387,0.9032873756696006,0.9111713557977272,1.3740544403497392,3.02,-0.98,1.42,67.08168819476708,-0.0,90.0000001836389,0.9097065061172429,0.9097065090329464,1.3722901284472226
AP02_ref_marker_graph_ba,ref14_anchored_available_map,aruco_marker,marker_011,11,no,GT_world_from_est_local_using_ref14_pose_only,2.7221368586733607,0.3124794357078251,1.8833874640038495,-0.41766687376175726,1.920529906130919,4.0188338746400385,-0.5041766724209394,1.1492052974453706,-0.06904353925214911,0.30469819719738,89.99387063012374,-0.0051229216533224,0.0032305323556588114,1.5706883107490173,4.0188338746400385,-0.004176668737617573,1.5492052990613092,-0.06904353927179464,0.30469838083627976,89.99387063012364,-0.005122924170700205,0.00323053487277269,1.5706883107460832,4.0,0.0,1.53,-1.8363890085664206e-07,-0.0,90.0000001836389,-2.5172823638819805e-09,-2.517282371950131e-09,1.57079633
AP02_ref_marker_graph_ba,ref14_anchored_available_map,aruco_marker,marker_012,12,no,GT_world_from_est_local_using_ref14_pose_only,2.663849766483166,0.45145034955304475,1.840059771303082,0.006245006964711308,1.9261974499808154,4.058400597713031,-1.479937553261295,1.0392619697564551,67.49007981430422,0.17335000384206345,-179.91587268332557,-0.005232208869943647,1.7448885088892832,2.611905933079836,4.058400597713031,-0.9799375499303529,1.439261974499808,67.49007999794377,0.17335000357242678,-179.91587268276996,-0.005232208870868354,1.744888512978794,2.611905930139556,4.04,-0.98,1.42,67.08168819476708,-0.0,179.99999979432002,0.0,42409858.754143424,63975172.145376295
AP02_ref_marker_graph_ba,ref14_anchored_available_map,aruco_marker,marker_013,13,no,GT_world_from_est_local_using_ref14_pose_only,2.6086172224179465,0.2839799634302721,1.9628464812861068,-0.42106518252437164,1.6657795820769206,4.069628464812861,0.22578934533292627,0.8866577965444474,0.2831228060794105,-0.01000444537554625,90.01962002331776,0.004017671133478238,0.0037447103898040103,1.5711357025824029,4.069628464812861,0.7257893481747563,1.2866577958207692,0.2831228061422947,-0.01000426173665616,90.01962002331774,0.004017668616510631,0.00374471290762605,1.5711357025746422,4.05,0.73,1.27,-1.8363890085664206e-07,-0.0,90.0000001836389,-2.5172823638819805e-09,-2.517282371950131e-09,1.57079633
AP02_ref_marker_graph_ba,ref14_anchored_available_map,aruco_marker,aruco_ref_floor_14,14,yes,GT_world_from_est_local_using_ref14_pose_only,0.0,0.0,0.0,0.0,0.0,0.0,0.0,0.0,0.0,-0.0,0.0,0.0,0.0,0.0,0.0,0.5,0.4,-1.8363890085664206e-07,-0.0,0.0,0.0,0.0,0.0,0.0,0.5,0.4,-1.8363890085664206e-07,-0.0,0.0,0.0,0.0,0.0
AP02_ref_marker_graph_ba,ref14_anchored_available_map,aruco_marker,marker_016,16,no,GT_world_from_est_local_using_ref14_pose_only,0.23614701937105467,0.3313675899407237,0.20358265342289572,-0.028733906006728205,0.11616316382021541,-0.947964173465771,-1.0002873418842815,0.8811616284321778,89.70360091699953,0.11497222376237501,90.09315625930925,1.2031429207561781,1.2075338949431482,1.211367561810847,-0.947964173465771,-0.5002873390600673,1.2811616316382022,89.70360091729812,0.11497240740103315,90.09315625930985,1.2031429183960762,1.207533896464798,1.2113675594547497,-0.95,-0.5,1.28,90.0,-0.0,90.0000001836389,1.2091995746407735,1.2091995785163834,1.2091995785163834
AP02_ref_marker_graph_ba,ref14_anchored_available_map,aruco_marker,marker_017,17,no,GT_world_from_est_local_using_ref14_pose_only,1.2038096624337784,0.30190335545811015,0.7374772007132213,0.0990959055836127,0.946290168655306,1.5073747720071322,-1.6990090457821485,1.509462896241053,90.03962629443554,0.16988288462522919,179.75365392391484,0.0014826619229998687,2.2185830353135247,2.2170350412699236,1.5073747720071322,-1.1990090409441638,1.909462901686553,90.03962647807353,0.16988288541479143,179.75365392445931,0.0014826619100823492,2.2185830388570578,2.2170350377051555,1.5,-1.2,1.9,90.0,-0.0,179.99999979432002,0.0,46044571.45648118,46044571.45648118
AP02_ref_marker_graph_ba,ref14_anchored_available_map,aruco_marker,marker_018,18,no,GT_world_from_est_local_using_ref14_pose_only,0.7146270440389318,0.3445691435627586,-0.08380067828962501,0.4077655873344632,0.5808584028623498,-0.20083800678289626,-1.695922347510631,1.0558085785930167,90.01234895018614,-0.0017394294756899779,179.65565621947286,0.006700767927240585,2.2186859066330307,2.218207967501042,-0.20083800678289626,-1.1959223441266553,1.4558085840286235,90.01234913382173,-0.0017394283720391813,179.6556562194673,0.006700767916568586,2.2186859101784635,2.2182079639361256,-0.2,-1.2,1.45,90.0,-0.0,179.99999979432002,0.0,46044571.45648118,46044571.45648118
AP02_ref_marker_graph_ba,ref14_anchored_available_map,aruco_marker,marker_019,19,no,GT_world_from_est_local_using_ref14_pose_only,0.7482827974383359,0.28478535557239854,-0.6676104004144534,0.20921997460372488,-0.26542513149174773,-1.2966761040041446,0.5920921962289307,1.097345750582799,89.78725879007622,-0.10725061984562537,0.15621574902862317,1.5670842876115965,0.0006641612712954457,0.0036109495016337814,-1.2966761040041446,1.0920921997460373,1.4973457486850825,89.78725860643767,-0.10725061934493835,0.15621574937237165,1.5670842844064965,0.0006641612767921038,0.0036109494989923314,-1.29,1.09,1.5,90.0,-0.0,0.0,1.5707963267948966,0.0,0.0
AP02_ref_marker_graph_ba,ref14_anchored_available_map,aruco_marker,marker_020,20,no,GT_world_from_est_local_using_ref14_pose_only,4.336331675759595,0.8382889366982111,3.8981348053038545,-1.1496288777810615,1.5121742245014058,5.7089813480530385,-1.361496293153167,1.3651217378812774,77.78985053206529,-0.029251271167170894,-89.62848195904303,1.0530111232709314,-1.046867500954514,-1.2969502683269551,5.7089813480530385,-0.8614962887778106,1.765121742245014,77.78985053087453,-0.029251454802211207,-89.62848195904242,1.0530111208608062,-1.0468675027174823,-1.296950266258475,5.67,-0.85,1.75,78.54084409738354,-0.0,-90.0000001836389,1.060608245500786,-1.060608248900145,-1.2971757314132144
