method,label,from_camera,to_camera,pair,transform_convention,baseline_m,direction_x,direction_y,direction_z,x_m,y_m,z_m,roll_deg,pitch_deg,yaw_deg,rvec_x,rvec_y,rvec_z
ap03_single,aruco_mode_high_sensitivity__multi_markers_0-2-3-4-5-6-7-8-9-10-12-15-16-17-18-__65f0f9ad,camera_back_left,camera_back_right,camera_back_left-camera_back_right,T_from_camera_to_camera = inv(T_reference_from_camera) @ T_reference_to_camera,11.006157460169558,0.7762481209269874,0.4495250342263249,0.4420023737053261,8.543509047083162,4.947543308983041,4.864747722769527,-164.4372475190224,76.95565660724863,-160.1960712665017,-0.11561383063696881,1.7862409939147539,0.0036669456109446456
ap03_single,aruco_mode_high_sensitivity__multi_markers_0-2-3-4-5-6-7-8-9-10-12-15-16-17-18-__65f0f9ad,camera_back_left,camera_center_left,camera_back_left-camera_center_left,T_from_camera_to_camera = inv(T_reference_from_camera) @ T_reference_to_camera,4.823013636631884,0.7221531123464201,-0.2761058387009744,0.6342400556284744,3.482954308582941,-1.3316622252084827,3.0589484371942968,-62.09331576016296,-46.145306470081664,4.495348588005941,-0.9903624080967678,-0.7608130017842644,-0.3675004476597782
ap03_single,aruco_mode_high_sensitivity__multi_markers_0-2-3-4-5-6-7-8-9-10-12-15-16-17-18-__65f0f9ad,camera_back_left,camera_center_right,camera_back_left-camera_center_right,T_from_camera_to_camera = inv(T_reference_from_camera) @ T_reference_to_camera,13.563363102287381,0.9254873035774378,-0.06812187017092053,0.3726025519523178,12.55272034497766,-0.9239616603350749,5.053743704968184,119.15028460047974,38.64401543344313,-141.56647550528052,-1.250631494054959,2.093612058737301,1.6002683850504118
ap03_single,aruco_mode_high_sensitivity__multi_markers_0-2-3-4-5-6-7-8-9-10-12-15-16-17-18-__65f0f9ad,camera_back_left,camera_front_left,camera_back_left-camera_front_left,T_from_camera_to_camera = inv(T_reference_from_camera) @ T_reference_to_camera,11.059346685279126,0.7262553119623409,0.19872617855277597,0.6580738011836461,8.031909277017073,2.1977817040558305,7.277866311789391,-142.25329280885197,-69.95704182423806,120.44632015690891,-0.5189566080497041,-1.7717607494799767,-0.09110917439705658
ap03_single,aruco_mode_high_sensitivity__multi_markers_0-2-3-4-5-6-7-8-9-10-12-15-16-17-18-__65f0f9ad,camera_back_left,camera_front_narrow,camera_back_left-camera_front_narrow,T_from_camera_to_camera = inv(T_reference_from_camera) @ T_reference_to_camera,21.324946576376142,0.8495448789889658,0.12306903500030725,0.5129595609867473,18.11649915867363,2.6244405965877178,10.938835233883747,-10.418880330700391,36.95960194507392,6.113502172401521,-0.20974620280248824,0.6336143980516952,0.1613622107536462
ap03_single,aruco_mode_high_sensitivity__multi_markers_0-2-3-4-5-6-7-8-9-10-12-15-16-17-18-__65f0f9ad,camera_back_left,camera_front_right,camera_back_left-camera_front_right,T_from_camera_to_camera = inv(T_reference_from_camera) @ T_reference_to_camera,47.993850135758585,0.32216809247653655,-0.4028735812111884,0.8566799856142909,15.462087148842109,-19.33545428030614,41.1153708438761,117.37595294904604,31.599711549612785,160.14174693269558,0.006234815498451213,2.1974567160169443,1.1919420533099676
ap03_single,aruco_mode_high_sensitivity__multi_markers_0-2-3-4-5-6-7-8-9-10-12-15-16-17-18-__65f0f9ad,camera_back_left,camera_front_wide,camera_back_left-camera_front_wide,T_from_camera_to_camera = inv(T_reference_from_camera) @ T_reference_to_camera,21.61885395108731,0.8657954970587696,0.10108065082032008,0.49008250254676394,18.717506402422583,2.1852478273653535,10.595022046541864,-34.535069251329496,34.33477251473985,4.977854318963024,-0.6100464211015112,0.5557609897331995,0.2624303823000497
ap03_single,aruco_mode_high_sensitivity__multi_markers_0-2-3-4-5-6-7-8-9-10-12-15-16-17-18-__65f0f9ad,camera_back_right,camera_center_left,camera_back_right-camera_center_left,T_from_camera_to_camera = inv(T_reference_from_camera) @ T_reference_to_camera,8.26429352466153,0.4010034241917093,-0.6934308153720171,-0.5986233858437402,3.314010001914644,-5.730715797279727,-4.947199371339383,118.64420346699484,-31.29367902733632,-176.96660970797132,-0.3156842104267195,-2.270003199234572,-1.3239860795193046
ap03_single,aruco_mode_high_sensitivity__multi_markers_0-2-3-4-5-6-7-8-9-10-12-15-16-17-18-__65f0f9ad,camera_back_right,camera_center_right,camera_back_right-camera_center_right,T_from_camera_to_camera = inv(T_reference_from_camera) @ T_reference_to_camera,7.1122475573604325,-0.08246476518583847,-0.8683210960432354,0.48909920943415863,-0.5865098247612812,-6.175714594338034,3.4785946576050133,-100.36816818240013,29.463150973406393,-27.05226595874368,-1.5556751265125133,0.7550396821546704,0.1024660628018124
ap03_single,aruco_mode_high_sensitivity__multi_markers_0-2-3-4-5-6-7-8-9-10-12-15-16-17-18-__65f0f9ad,camera_back_right,camera_front_left,camera_back_right-camera_front_left,T_from_camera_to_camera = inv(T_reference_from_camera) @ T_reference_to_camera,3.6940580035154773,-0.5500551223457135,-0.7690028403216462,-0.3256900274163808,-2.031935527075868,-2.840741097016312,-1.2031178524426567,148.80268880827242,20.734055829169986,164.42884643741337,0.2238497525611788,2.631683509526841,0.6642487265472651
ap03_single,aruco_mode_high_sensitivity__multi_markers_0-2-3-4-5-6-7-8-9-10-12-15-16-17-18-__65f0f9ad,camera_back_right,camera_front_narrow,camera_back_right-camera_front_narrow,T_from_camera_to_camera = inv(T_reference_from_camera) @ T_reference_to_camera,11.572963534964632,-0.6716160906067781,-0.29805977747683116,0.6783009626180181,-7.772588526087746,-3.4494349359790393,7.849952306109731,-15.75653753555201,-65.51424869703284,7.924441351880131,-0.16503632613134797,-1.148760147957822,-0.03477305703443913
ap03_single,aruco_mode_high_sensitivity__multi_markers_0-2-3-4-5-6-7-8-9-10-12-15-16-17-18-__65f0f9ad,camera_back_right,camera_front_right,camera_back_right-camera_front_right,T_from_camera_to_camera = inv(T_reference_from_camera) @ T_reference_to_camera,44.17735134138383,-0.7906199897363999,-0.6091681720307147,-0.06192067517374529,-34.92749706410622,-26.911436361789434,-2.735491422446249,-31.63642037901904,40.33555257043908,30.253338924495164,-0.7033101957783366,0.534382962540095,0.688196496920391
ap03_single,aruco_mode_high_sensitivity__multi_markers_0-2-3-4-5-6-7-8-9-10-12-15-16-17-18-__65f0f9ad,camera_back_right,camera_front_wide,camera_back_right-camera_front_wide,T_from_camera_to_camera = inv(T_reference_from_camera) @ T_reference_to_camera,11.999022557687919,-0.6276919676541246,-0.3261880169410582,0.7068268326447102,-7.531690079161357,-3.9139373733232463,8.481231109282982,-37.50130575879708,-68.19924561616318,6.065989040168852,-0.511309775285781,-1.17055969140376,-0.2978455963223313
ap03_single,aruco_mode_high_sensitivity__multi_markers_0-2-3-4-5-6-7-8-9-10-12-15-16-17-18-__65f0f9ad,camera_center_left,camera_center_right,camera_center_left-camera_center_right,T_from_camera_to_camera = inv(T_reference_from_camera) @ T_reference_to_camera,9.295487285014719,0.8310566282586374,0.4753285153253104,-0.28880388353694475,7.725076321105368,4.418410170411347,-2.6845728272805416,36.57027182048973,21.66327547104697,-165.37458483278132,0.6543648963694851,-0.8563300652052436,-2.8223013015772467
ap03_single,aruco_mode_high_sensitivity__multi_markers_0-2-3-4-5-6-7-8-9-10-12-15-16-17-18-__65f0f9ad,camera_center_left,camera_front_left,camera_center_left-camera_front_left,T_from_camera_to_camera = inv(T_reference_from_camera) @ T_reference_to_camera,7.137873197755776,0.8932468347908727,0.27501321776024734,0.35563720586187575,6.375882641033952,1.963009476079442,2.5384932798462363,43.88470648476009,-38.871573075348934,-42.55367278135843,0.4540865161464515,-0.871980918994796,-0.42298677399447304
ap03_single,aruco_mode_high_sensitivity__multi_markers_0-2-3-4-5-6-7-8-9-10-12-15-16-17-18-__65f0f9ad,camera_center_left,camera_front_narrow,camera_center_left-camera_front_narrow,T_from_camera_to_camera = inv(T_reference_from_camera) @ T_reference_to_camera,17.08461297029816,0.9367730058456009,0.34993760795306467,-7.78401249622159e-05,16.004404245894946,5.978548595630041,-0.0013298684085391033,75.01727574404426,26.397763311263255,82.31189645271608,0.736432456555576,1.1852620067988473,0.9085584946794908
ap03_single,aruco_mode_high_sensitivity__multi_markers_0-2-3-4-5-6-7-8-9-10-12-15-16-17-18-__65f0f9ad,camera_center_left,camera_front_right,camera_center_left-camera_front_right,T_from_camera_to_camera = inv(T_reference_from_camera) @ T_reference_to_camera,43.77130839218272,0.7936429507545457,-0.5809628673862425,-0.18059073463490077,34.7387903507591,-25.429504832769968,-7.904692738475075,70.70900906245315,-23.725140214668873,-179.4202243302339,-0.48071348519936064,-1.6543635661846356,-2.3265914062868287
ap03_single,aruco_mode_high_sensitivity__multi_markers_0-2-3-4-5-6-7-8-9-10-12-15-16-17-18-__65f0f9ad,camera_center_left,camera_front_wide,camera_center_left-camera_front_wide,T_from_camera_to_camera = inv(T_reference_from_camera) @ T_reference_to_camera,17.35663098827977,0.9303503313103122,0.36423860690158183,-0.042172245294592854,16.147747390376914,6.321955091675848,-0.7319680995254659,50.20515823709705,27.092742579090558,79.29497519867593,0.3995584288027663,0.9350946673363066,1.0638591502642671
ap03_single,aruco_mode_high_sensitivity__multi_markers_0-2-3-4-5-6-7-8-9-10-12-15-16-17-18-__65f0f9ad,camera_center_right,camera_front_left,camera_center_right-camera_front_left,T_from_camera_to_camera = inv(T_reference_from_camera) @ T_reference_to_camera,5.927034310301125,-0.023390454797451117,0.835179659708958,0.5494795925535338,-0.13863602811804032,4.950138498360612,3.256784397875078,48.12091494599738,2.6655626251700637,128.64765565658098,0.39758433948367744,0.9507665454661782,2.0669923134522468
ap03_single,aruco_mode_high_sensitivity__multi_markers_0-2-3-4-5-6-7-8-9-10-12-15-16-17-18-__65f0f9ad,camera_center_right,camera_front_narrow,camera_center_right-camera_front_narrow,T_from_camera_to_camera = inv(T_reference_from_camera) @ T_reference_to_camera,8.842007439964105,-0.9954595159776932,0.011730740181022083,-0.09446026563726165,-8.80186044645783,0.10372329195688312,-0.8352183715456531,105.11149240064627,-3.4997174846851515,-98.75584528204638,1.2631551960131973,-1.544269461317615,-1.1196380550344351
ap03_single,aruco_mode_high_sensitivity__multi_markers_0-2-3-4-5-6-7-8-9-10-12-15-16-17-18-__65f0f9ad,camera_center_right,camera_front_right,camera_center_right-camera_front_right,T_from_camera_to_camera = inv(T_reference_from_camera) @ T_reference_to_camera,40.594192042708485,-0.37840306255990536,0.534340280944219,-0.7558383335116958,-15.36096659110583,21.691111980804433,-30.682646463814525,25.89960869623377,-44.106740859446795,19.499716620908902,0.5565437182015762,-0.679246228442578,0.49231044892958037
ap03_single,aruco_mode_high_sensitivity__multi_markers_0-2-3-4-5-6-7-8-9-10-12-15-16-17-18-__65f0f9ad,camera_center_right,camera_front_wide,camera_center_right-camera_front_wide,T_from_camera_to_camera = inv(T_reference_from_camera) @ T_reference_to_camera,8.853108856851767,-0.9874081553327615,-0.0664423117478845,-0.14356376280924874,-8.741631885304136,-0.5882210186049024,-1.2709856200495264,81.7432182482091,-1.5226642223492235,-100.71543993673974,0.995575486127998,-1.2399066131899865,-1.4013413805980688
ap03_single,aruco_mode_high_sensitivity__multi_markers_0-2-3-4-5-6-7-8-9-10-12-15-16-17-18-__65f0f9ad,camera_front_left,camera_front_narrow,camera_front_left-camera_front_narrow,T_from_camera_to_camera = inv(T_reference_from_camera) @ T_reference_to_camera,10.737023998311964,0.16894124318862874,0.3306400591772989,-0.9285127934590416,1.8139261824209645,3.550090250189946,-9.96946414610941,139.59799048674338,31.82596157040034,142.90072253994262,0.511314045927822,2.2948151445690503,0.6035844775574316
ap03_single,aruco_mode_high_sensitivity__multi_markers_0-2-3-4-5-6-7-8-9-10-12-15-16-17-18-__65f0f9ad,camera_front_left,camera_front_right,camera_front_left-camera_front_right,T_from_camera_to_camera = inv(T_reference_from_camera) @ T_reference_to_camera,40.790495315994484,0.5916935096641881,-0.5762034513666233,-0.5638159036906166,24.135471334461403,-23.503624184030105,-22.998329978575295,116.66015185268122,-74.12303626310587,168.0439659399635,-0.9459810804033378,-1.576949881369719,-1.1538061779381044
ap03_single,aruco_mode_high_sensitivity__multi_markers_0-2-3-4-5-6-7-8-9-10-12-15-16-17-18-__65f0f9ad,camera_front_left,camera_front_wide,camera_front_left-camera_front_wide,T_from_camera_to_camera = inv(T_reference_from_camera) @ T_reference_to_camera,11.18864000641457,0.11232763863779453,0.3095150059706663,-0.9442367090285334,1.2567935114889068,3.463051978389041,-10.564724618161883,115.81380469973814,34.56215964653343,142.29807455990374,0.28309488122655524,2.0636689128155186,1.0078584681732563
ap03_single,aruco_mode_high_sensitivity__multi_markers_0-2-3-4-5-6-7-8-9-10-12-15-16-17-18-__65f0f9ad,camera_front_narrow,camera_front_right,camera_front_narrow-camera_front_right,T_from_camera_to_camera = inv(T_reference_from_camera) @ T_reference_to_camera,37.41532022505358,-0.5912396813301812,-0.6686120877516604,0.4509917020666255,-22.12142200672736,-25.016335369569994,16.87399895166475,73.09771429391458,52.856995514302064,119.44302811958325,-0.09282188781699112,1.4906774827563118,1.1343213391981095
ap03_single,aruco_mode_high_sensitivity__multi_markers_0-2-3-4-5-6-7-8-9-10-12-15-16-17-18-__65f0f9ad,camera_front_narrow,camera_front_wide,camera_front_narrow-camera_front_wide,T_from_camera_to_camera = inv(T_reference_from_camera) @ T_reference_to_camera,0.8199435976737098,0.7888994529778289,-0.6130356540303775,-0.04271931622614716,0.6468530556774628,-0.5026546596679234,-0.03502742983662799,-23.42481036558305,-2.4062820103061524,-1.3971222445743736,-0.4092713160092912,-0.03642553745557603,-0.03262549321286405
ap03_single,aruco_mode_high_sensitivity__multi_markers_0-2-3-4-5-6-7-8-9-10-12-15-16-17-18-__65f0f9ad,camera_front_right,camera_front_wide,camera_front_right-camera_front_wide,T_from_camera_to_camera = inv(T_reference_from_camera) @ T_reference_to_camera,37.48639839241241,0.5231438535211008,-0.3012056087499548,0.7972425539198608,19.61077890963383,-11.291113447629906,29.885751991624232,54.62783096500454,-45.19037551392412,-119.09873549722624,-0.1869960905477925,-1.2645265673989803,-1.451518412452293
