approach,evaluation,entity_type,entity_id,marker_id,used_for_alignment,alignment_frame,translation_error_cm,rotation_error_deg,delta_x_cm,delta_y_cm,delta_z_cm,est_local_x_m,est_local_y_m,est_local_z_m,est_local_roll_deg,est_local_pitch_deg,est_local_yaw_deg,est_local_rvec_x,est_local_rvec_y,est_local_rvec_z,est_gt_aligned_x_m,est_gt_aligned_y_m,est_gt_aligned_z_m,est_gt_aligned_roll_deg,est_gt_aligned_pitch_deg,est_gt_aligned_yaw_deg,est_gt_aligned_rvec_x,est_gt_aligned_rvec_y,est_gt_aligned_rvec_z,gt_world_x_m,gt_world_y_m,gt_world_z_m,gt_world_roll_deg,gt_world_pitch_deg,gt_world_yaw_deg,gt_world_rvec_x,gt_world_rvec_y,gt_world_rvec_z
AP02_ref_marker_graph_ba,ref14_anchored_available_map,static_camera,cam_edge_0,,no,GT_world_from_est_local_using_ref14_pose_only,2.617428928596249,0.43100846527433095,-0.5146542153326661,-0.6466660651864631,2.4835233510134724,0.5826613878466733,-1.7410219274215673,2.1121635279299795,-113.13247695973003,-1.6395472774400555,-0.991211492999262,-1.9745700235888957,-0.0015732092825630531,-0.0395272201828991,0.5826613878466733,-1.2410219206518647,2.512163533510135,-113.13247714341665,-1.639547280616832,-0.9912114877436949,-1.9745700267935513,-0.0015732093467966536,-0.03952722020271893,0.58780793,-1.23455526,2.4873283,-112.76486179960601,-1.4967437177574447,-0.8270999103481541,-1.9681387137868624,-0.0028859165404719407,-0.03515086081927826
AP02_ref_marker_graph_ba,ref14_anchored_available_map,static_camera,cam_edge_1,,no,GT_world_from_est_local_using_ref14_pose_only,3.4004644327249087,0.28550732535327783,-2.8883799037154656,-1.7557546798430579,0.3711406663905237,-4.0030511190371545,0.4575289463578591,2.1352540881303326,-106.41136967156996,0.9974016510377731,-114.39699516390161,-1.1229633687226312,1.7675631445856346,-1.3066346414668903,-4.0030511190371545,0.9575289532015694,2.535254086663905,-106.41136959570518,0.9974014837968481,-114.39699516258102,-1.1229633704837902,1.7675631430848877,-1.3066346447380146,-3.97416732,0.9750865,2.53154268,-106.36411375666104,0.7680855225263834,-114.55965647612422,-1.1237817096415734,1.7685660170005004,-1.312074204858069
AP02_ref_marker_graph_ba,ref14_anchored_available_map,static_camera,cam_edge_3,,no,GT_world_from_est_local_using_ref14_pose_only,2.310788996605799,0.17366250801947697,-1.35043644635493,-1.655505629327858,-0.8805499999740451,-3.2408601944635493,-1.5797693228490146,2.0454053949369357,-109.23235857805908,2.015958316553875,-59.84115403684374,-1.6897666263819766,1.0007794455608112,-0.6657401798605703,-3.2408601944635493,-1.0797693162932787,2.4454054000002596,-109.23235867037621,2.0159581577730914,-59.84115404009126,-1.689766629170365,1.0007794449816876,-0.6657401817888393,-3.22735583,-1.06321426,2.4542109,-109.39044886225861,1.9674295291124646,-59.89995245682555,-1.692187338487859,1.002617043578016,-0.6660823965823887
AP02_ref_marker_graph_ba,ref14_anchored_available_map,static_camera,cam_edge_5,,no,GT_world_from_est_local_using_ref14_pose_only,5.261288672749167,0.12366352226475362,5.179341475084254,0.8486099361665222,0.36802385617091815,5.910652284750842,0.3569056324949176,2.142441809705629,-109.27135852684907,4.1869938662984145,113.82841197316978,-1.2336017341892043,-1.790083014424522,1.335680379322006,5.910652284750842,0.8569056393616652,2.5424418085617093,-109.27135845246062,4.186994034283833,113.82841197860103,-1.2336017358905946,-1.7900830129496779,1.3356803826873875,5.85885887,0.84841954,2.53876157,-109.27065188151681,4.073179111337627,113.87681919175743,-1.2313021612026054,-1.7910646821584102,1.3345656694891888
AP02_ref_marker_graph_ba,ref14_anchored_available_map,aruco_marker,marker_000,0,no,GT_world_from_est_local_using_ref14_pose_only,4.1920634281766,2.197387536472916,-3.960337749167664,0.53398258236384,-1.2664846229249571,-2.5896033774916765,-0.014660176635750144,0.767335153723763,64.88997923680614,0.05411612065396723,89.8506431839657,0.8807651081081092,0.8797782817329609,1.3824593985648388,-2.5896033774916765,0.4853398258236384,1.1673351537707504,64.88997923632743,0.05411630429224415,89.85064318396525,0.8807651056653039,0.8797782837284448,1.3824593968092798,-2.55,0.48,1.18,67.08168819476708,-0.0,90.0000001836389,0.9097065061172429,0.9097065090329464,1.3722901284472226
AP02_ref_marker_graph_ba,ref14_anchored_available_map,aruco_marker,marker_001,1,no,GT_world_from_est_local_using_ref14_pose_only,1.9718425315558836,0.75761903530645,-1.4298391210635586,-1.3546882211124989,0.09242770530528688,-2.2642983912106356,-1.0385468861563647,1.2309242737244024,0.6998761632180394,0.23436555830017622,-89.82758422894987,0.012810682377690157,-0.006359271116455408,-1.5677884604588845,-2.2642983912106356,-0.538546882211125,1.6309242770530528,0.6998761626654251,0.2343653746621068,-89.82758422895213,0.012810679857673311,-0.006359273628894808,-1.5677884604430954,-2.25,-0.525,1.63,-1.8363890085664206e-07,-0.0,-90.0000001836389,-2.5172823638819805e-09,2.517282371950131e-09,-1.57079633
AP02_ref_marker_graph_ba,ref14_anchored_available_map,aruco_marker,marker_002,2,no,GT_world_from_est_local_using_ref14_pose_only,1.5837676616942113,0.6538947713155993,-1.2059898077437126,-0.9852604840839718,-0.28839273283032263,-1.1120598980774372,-1.034852607075169,0.6971160693548871,67.7234611378944,0.07275607322776965,-90.10163570484178,0.9185591121966038,-0.9184502123433849,-1.3706488425481123,-1.1120598980774372,-0.5348526048408397,1.0971160726716969,67.72346113822016,0.07275588958915771,-90.10163570484137,0.918559109765827,-0.9184502142999474,-1.370648840718125,-1.1,-0.525,1.1,67.08168819476708,-0.0,-90.0000001836389,0.9097065061172429,-0.9097065090329464,-1.3722901284472226
AP02_ref_marker_graph_ba,ref14_anchored_available_map,aruco_marker,marker_003,3,no,GT_world_from_est_local_using_ref14_pose_only,0.2337759337269972,0.3220617102857608,0.04503716832626875,-0.204710661861629,-0.10351997671587121,0.10045037168326269,0.7079528921026603,0.39896480250190364,89.96339813209003,-0.13090041624727677,0.29201639651526085,1.5701588762804128,0.002206502059297794,0.00579744915158854,0.10045037168326269,1.2079528933813837,0.7989648002328413,89.96339794845305,-0.1309004153113381,0.29201639693480547,1.5701588730753198,0.0022065020676227476,0.0057974491455150354,0.1,1.21,0.8,90.0,-0.0,0.0,1.5707963267948966,0.0,0.0
AP02_ref_marker_graph_ba,ref14_anchored_available_map,aruco_marker,marker_004,4,no,GT_world_from_est_local_using_ref14_pose_only,1.0879849966501012,0.3200328756960061,0.2789698343097724,-0.715002227850059,0.7711413610035134,0.7027896983430977,0.7028499725686178,1.6077114158627421,90.28382523727122,-0.08434754394932996,-0.12165834286137647,1.575747492580228,-0.0028270567147717475,-0.0005047945932261332,0.7027896983430977,1.2028499777214994,2.007711413610035,90.28382505363253,-0.08434754433925724,-0.12165834259103428,1.5757474893751267,-0.002827056714338543,-0.0005047945884738298,0.7,1.21,2.0,90.0,-0.0,0.0,1.5707963267948966,0.0,0.0
AP02_ref_marker_graph_ba,ref14_anchored_available_map,aruco_marker,marker_005,5,no,GT_world_from_est_local_using_ref14_pose_only,2.7804114631891332,0.7129196417914305,2.616887248297539,-0.7527581888144619,-0.562089088582951,1.9261688724829753,-1.4875275841137015,0.6943791043464907,66.52965563884135,0.10783210973329789,-90.43857062501073,0.9012045522237861,-0.9055276698748465,-1.38319465219059,1.9261688724829753,-0.9875275818881446,1.0943791091141706,66.529655640247,0.10783192609977683,-90.43857062500808,0.9012045497958329,-0.9055276718594505,-1.3831946503849983,1.9,-0.98,1.1,67.08168819476708,-0.0,-90.0000001836389,0.9097065061172429,-0.9097065090329464,-1.3722901284472226
AP02_ref_marker_graph_ba,ref14_anchored_available_map,aruco_marker,marker_006,6,no,GT_world_from_est_local_using_ref14_pose_only,1.894685769176691,1.4920855049080943,1.8283314939739226,0.39338675037847715,0.3037844247003374,1.9882833149397392,0.00393386438509776,0.9730378442596119,66.22342464029514,0.4022277418421382,-88.8506421559116,0.9103559937067947,-0.8827187835263021,-1.3641349285952231,1.9882833149397392,0.5039338675037848,1.3730378442470035,66.22342463661148,0.4022275582401849,-88.85064215593746,0.9103559912512823,-0.8827187854842361,-1.3641349268280225,1.97,0.5,1.37,67.08168819476708,-0.0,-90.0000001836389,0.9097065061172429,-0.9097065090329464,-1.3722901284472226
AP02_ref_marker_graph_ba,ref14_anchored_available_map,aruco_marker,marker_007,7,no,GT_world_from_est_local_using_ref14_pose_only,1.6775521442033134,0.4314446610114908,1.4613932128560547,0.6334759735053264,0.5265161582809208,1.9846139321285605,0.44133475660922755,0.9752651629973328,66.69742232292444,0.08747346156686035,-89.82470052746184,0.9068146015833526,-0.901949529480458,-1.3728341730389857,1.9846139321285605,0.9413347597350533,1.3752651615828093,66.69742232236258,0.087473277928819,-89.82470052746271,0.9068145991450847,-0.9019495314480449,-1.3728341712397576,1.97,0.935,1.37,67.08168819476708,-0.0,-90.0000001836389,0.9097065061172429,-0.9097065090329464,-1.3722901284472226
AP02_ref_marker_graph_ba,ref14_anchored_available_map,aruco_marker,marker_008,8,no,GT_world_from_est_local_using_ref14_pose_only,2.75739583155572,0.7597256733623693,2.749883677898879,-0.1726496824544399,0.10753425991085752,2.6774988367789887,-1.0267265000651455,1.0110753393083438,66.3813306606913,0.09155382102406234,-90.28038427120605,0.899968310782542,-0.9021767414229325,-1.3815573599114461,2.6774988367789887,-0.5267264968245444,1.4110753425991085,66.38133066158996,0.09155363738736035,-90.28038427120462,0.8999683083513937,-0.9021767434061435,-1.3815573581122143,2.65,-0.525,1.41,67.08168819476708,-0.0,-90.0000001836389,0.9097065061172429,-0.9097065090329464,-1.3722901284472226
AP02_ref_marker_graph_ba,ref14_anchored_available_map,aruco_marker,marker_009,9,no,GT_world_from_est_local_using_ref14_pose_only,5.230098578077608,3.55349688876004,5.178532053380369,0.6636617515917542,0.3103062809477031,3.0717853205338037,-0.013363385763233617,1.0231030627666458,63.61084980895426,-0.17433653136157115,89.26336997554844,0.8700751002364414,0.8547555932821981,1.3830422627440777,3.0717853205338037,0.4866366175159175,1.423103062809477,63.610849806593336,-0.17433634773784715,89.26336997555562,0.8700750977809272,0.8547555952877044,1.3830422610330555,3.02,0.48,1.42,67.08168819476708,-0.0,90.0000001836389,0.9097065061172429,0.9097065090329464,1.3722901284472226
AP02_ref_marker_graph_ba,ref14_anchored_available_map,aruco_marker,marker_010,10,no,GT_world_from_est_local_using_ref14_pose_only,4.8636510179803585,0.6795871661598636,4.834096315453307,0.17290721755089944,0.5066726080425799,3.068340963154533,-1.4782709311099358,1.0250667213424143,67.04947680655977,0.39773342499343994,90.54998869886758,0.9006626567002531,0.9189293166823105,1.3767462334397271,3.068340963154533,-0.978270927824491,1.4250667260804257,67.04947680832255,0.3977336086238803,90.54998869887982,0.9006626542742742,0.9189293186532628,1.3767462316144854,3.02,-0.98,1.42,67.08168819476708,-0.0,90.0000001836389,0.9097065061172429,0.9097065090329464,1.3722901284472226
AP02_ref_marker_graph_ba,ref14_anchored_available_map,aruco_marker,marker_011,11,no,GT_world_from_est_local_using_ref14_pose_only,5.377889376643731,0.3641702368721583,5.246735840777461,0.7587659578266848,0.9042850135667413,4.052467358407775,-0.4924123440724833,1.1390428485574349,0.27458193304806056,0.21418143138155304,90.107055621774,0.0008219073344809991,0.0067023248757942236,1.5726505637680699,4.052467358407775,0.007587659578266848,1.5390428501356674,0.2745819333911871,0.21418161502013333,90.10705562177527,0.0008219048189090332,0.006702327396046565,1.5726505637569688,4.0,0.0,1.53,-1.8363890085664206e-07,-0.0,90.0000001836389,-2.5172823638819805e-09,-2.517282371950131e-09,1.57079633
AP02_ref_marker_graph_ba,ref14_anchored_available_map,aruco_marker,marker_012,12,no,GT_world_from_est_local_using_ref14_pose_only,5.6202941015999555,0.3654515976592634,5.379498350971268,1.277819608795161,1.0079088886183918,4.093794983509713,-1.4672218072135583,1.030079084183586,67.40553754173598,0.14623041556470107,179.9150124256499,-0.0020405948995517306,1.7417530344762069,2.611369759794796,4.093794983509713,-0.9672218039120484,1.4300790888861838,67.40553772537528,0.14623041583709495,179.91501242611858,-0.0020405949062283386,1.7417530386692663,2.6113697570158476,4.04,-0.98,1.42,67.08168819476708,-0.0,179.99999979432002,0.0,42409858.754143424,63975172.145376295
AP02_ref_marker_graph_ba,ref14_anchored_available_map,aruco_marker,marker_013,13,no,GT_world_from_est_local_using_ref14_pose_only,5.38796925995224,0.48107986026858085,5.290716607040213,0.6682897961265977,0.7693629043388661,4.102907166070402,0.2366828951481671,0.8776936298019818,0.44927422413688445,0.09520860467593938,90.14364216670394,0.004845754878634458,0.007472273695874669,1.573287655244822,4.102907166070402,0.736682897961266,1.2776936290433887,0.4492742245972726,0.09520878831426313,90.14364216670471,0.004845752363649675,0.0074722762171394235,1.5732876552307218,4.05,0.73,1.27,-1.8363890085664206e-07,-0.0,90.0000001836389,-2.5172823638819805e-09,-2.517282371950131e-09,1.57079633
AP02_ref_marker_graph_ba,ref14_anchored_available_map,aruco_marker,aruco_ref_floor_14,14,yes,GT_world_from_est_local_using_ref14_pose_only,0.0,0.0,0.0,0.0,0.0,0.0,0.0,0.0,0.0,-0.0,0.0,0.0,0.0,0.0,0.0,0.5,0.4,-1.8363890085664206e-07,-0.0,0.0,0.0,0.0,0.0,0.0,0.5,0.4,-1.8363890085664206e-07,-0.0,0.0,0.0,0.0,0.0
AP02_ref_marker_graph_ba,ref14_anchored_available_map,aruco_marker,marker_016,16,no,GT_world_from_est_local_using_ref14_pose_only,2.2709872495367085,0.45677668986150627,-1.884910010737495,-0.7393008836502846,-1.028557991760204,-0.9688491001073749,-1.0073930116240275,0.8697144168535992,89.6741221607979,-0.17896513968347788,89.7351401135086,1.2094785883775052,1.2001244332805352,1.210763321724379,-0.9688491001073749,-0.5073930088365028,1.269714420082398,89.67412215994901,-0.17896495604653911,89.73514011351126,1.2094785860117627,1.2001244348016276,1.2107633193781826,-0.95,-0.5,1.28,90.0,-0.0,90.0000001836389,1.2091995746407735,1.2091995785163834,1.2091995785163834
AP02_ref_marker_graph_ba,ref14_anchored_available_map,aruco_marker,marker_017,17,no,GT_world_from_est_local_using_ref14_pose_only,2.1373668266737345,0.9946908219724394,2.0642270633310034,-0.5527303929571126,-0.04234023474976034,1.52064227063331,-1.705527308735869,1.4995765921861106,89.67931364338463,0.15548611812013272,-179.0717818443672,0.020902431908216862,-2.2083916448497263,-2.2208356253659227,1.52064227063331,-1.205527303929571,1.8995765976525023,89.67931382700012,0.15548611514522767,-179.07178184386888,0.020902431884071145,-2.2083916483952417,-2.220835621813296,1.5,-1.2,1.9,90.0,-0.0,179.99999979432002,0.0,46044571.45648118,46044571.45648118
AP02_ref_marker_graph_ba,ref14_anchored_available_map,aruco_marker,marker_018,18,no,GT_world_from_est_local_using_ref14_pose_only,2.4289441409529937,0.6800538152380015,-2.1700269248057595,-0.4616711910753635,-0.9887428871142356,-0.2217002692480576,-1.704616715244422,1.0401125656653845,89.58411517231882,0.21666289874653114,179.5066969412132,0.005298094379412432,2.2071977991580978,2.223241110175241,-0.2217002692480576,-1.2046167119107536,1.4401125711288576,89.58411535595222,0.21666290032759894,179.5066969419076,0.005298094357383182,2.2071978027183423,2.2232411066354594,-0.2,-1.2,1.45,90.0,-0.0,179.99999979432002,0.0,46044571.45648118,46044571.45648118
AP02_ref_marker_graph_ba,ref14_anchored_available_map,aruco_marker,marker_019,19,no,GT_world_from_est_local_using_ref14_pose_only,1.7075397297879085,0.22572737196367348,-1.08339231463368,-1.3195976593467273,0.024799976683054226,-1.3008339231463368,0.576804019880124,1.1002480016155471,90.10989460458899,-0.16107281602048074,-0.11387190515358318,1.5727098620220348,-0.0037692452751661985,0.0006508046094500972,-1.3008339231463368,1.0768040234065328,1.5002479997668305,90.10989442094973,-0.16107281638545173,-0.1138719046373278,1.5727098588169353,-0.0037692452724705804,0.0006508046152051549,-1.29,1.09,1.5,90.0,-0.0,0.0,1.5707963267948966,0.0,0.0
AP02_ref_marker_graph_ba,ref14_anchored_available_map,aruco_marker,marker_020,20,no,GT_world_from_est_local_using_ref14_pose_only,7.778810931220341,2.104320772476811,7.765877835950619,0.057419879301245924,0.44468404314033094,5.747658778359506,-1.3494258055481299,1.3544468361063542,76.63813641376296,0.20909338574988945,-89.12926609685711,1.0444123390798326,-1.0239197599402265,-1.300566320701385,5.747658778359506,-0.8494258012069875,1.7544468404314033,76.63813641097225,0.20909320213219426,-89.1292660968673,1.0444123366579647,-1.0239197617187494,-1.300566318672203,5.67,-0.85,1.75,78.54084409738354,-0.0,-90.0000001836389,1.060608245500786,-1.060608248900145,-1.2971757314132144
